date,draw_no,result,Lottery_name
"Tuesday June 12, 2018",1788,Q 42 58 61 73 ,govisetha
"Monday June 11, 2018",1787,B 31 56 68 78 ,govisetha
"Sunday June 10, 2018",1786,R 01 48 59 79 ,govisetha
"Saturday June 09, 2018",1785,K 4 43 56 59 ,govisetha
"Friday June 08, 2018",1784,L 11 33 62 67 ,govisetha
"Thursday June 07, 2018",1783,U 14 28 39 60 ,govisetha
"Wednesday June 06, 2018",1782,W 12 43 46 51 ,govisetha
"Tuesday June 05, 2018",1781,U 05 06 26 41 ,govisetha
"Monday June 04, 2018",1780,Q 33 43 52 77 ,govisetha
"Sunday June 03, 2018",1779,H 27 44 56 80 ,govisetha
"Saturday June 02, 2018",1778,W 01 09 12 64 ,govisetha
"Friday June 01, 2018",1777,X 23 34 68 71 ,govisetha
"Thursday May 31, 2018",1776,N 19 29 37 39 ,govisetha
"Wednesday May 30, 2018",1775,U 7 13 22 64 ,govisetha
"Tuesday May 29, 2018",1774,K 27 53 78 79 ,govisetha
"Monday May 28, 2018",1773,N 34 46 61 71 ,govisetha
"Sunday May 27, 2018",1772,Z 15 34 59 67 ,govisetha
"Saturday May 26, 2018",1771,T 2 7 65 75 ,govisetha
"Friday May 25, 2018",1770,I 10 22 69 71 ,govisetha
"Thursday May 24, 2018",1769,W 33 49 57 79 ,govisetha
"Wednesday May 23, 2018",1768,O 5 40 45 66 ,govisetha
"Tuesday May 22, 2018",1767,L 32 38 54 56 ,govisetha
"Monday May 21, 2018",1766,L 7 37 49 73 ,govisetha
"Sunday May 20, 2018",1765,T 09 46 71 79 ,govisetha
"Saturday May 19, 2018",1764,F 2 33 38 56 ,govisetha
"Friday May 18, 2018",1763,Y 15 23 45 59 ,govisetha
"Thursday May 17, 2018",1762,G 28 61 72 78 ,govisetha
"Wednesday May 16, 2018",1761,P 8 13 42 65 ,govisetha
"Tuesday May 15, 2018",1760,Q 35 70 75 78 ,govisetha
"Monday May 14, 2018",1759,Y 17 54 62 68 ,govisetha
"Sunday May 13, 2018",1758,D 14 40 58 64 ,govisetha
"Saturday May 12, 2018",1757,X 22 23 45 53 ,govisetha
"Friday May 11, 2018",1756,Y 01 18 52 58 ,govisetha
"Thursday May 10, 2018",1755,B 10 20 29 52 ,govisetha
"Wednesday May 09, 2018",1754,V 13 27 60 78 ,govisetha
"Tuesday May 08, 2018",1753,B 02 37 58 62 ,govisetha
"Monday May 07, 2018",1752,G 17 28 42 47 ,govisetha
"Sunday May 06, 2018",1751,K 40 50 69 75 ,govisetha
"Saturday May 05, 2018",1750,M 10 26 64 80 ,govisetha
"Friday May 04, 2018",1749,A 1 11 34 35 ,govisetha
"Thursday May 03, 2018",1748,K 10 29 60 68 ,govisetha
"Wednesday May 02, 2018",1747,T 27 58 69 77 ,govisetha
"Tuesday May 01, 2018",1746,O 11 55 72 80 ,govisetha
"Saturday April 28, 2018",1745,R 41 56 65 75 ,govisetha
"Friday April 27, 2018",1744,R 4 11 49 68 ,govisetha
"Thursday April 26, 2018",1743,I 17 55 63 64 ,govisetha
"Wednesday April 25, 2018",1742,R 12 33 43 44 ,govisetha
"Tuesday April 24, 2018",1741,C 30 31 57 58 ,govisetha
"Monday April 23, 2018",1740,G 32 51 60 69 ,govisetha
"Sunday April 22, 2018",1739,C 22 69 76 78 ,govisetha
"Saturday April 21, 2018",1738,F 55 63 71 80 ,govisetha
"Friday April 20, 2018",1737,E 01 14 33 42 ,govisetha
"Thursday April 19, 2018",1736,C 18 46 61 67 ,govisetha
"Wednesday April 18, 2018",1735,B 60 67 74 76 ,govisetha
"Thursday April 12, 2018",1734,U 18 41 46 56 ,govisetha
"Wednesday April 11, 2018",1733,U 27 39 57 78 ,govisetha
"Tuesday April 10, 2018",1732,O 30 37 78 79 ,govisetha
"Monday April 09, 2018",1731,H 4 9 17 74 ,govisetha
"Sunday April 08, 2018",1730,N 40 53 65 70 ,govisetha
"Saturday April 07, 2018",1729,T 5 40 45 64 ,govisetha
"Friday April 06, 2018",1728,O 12 25 43 80 ,govisetha
"Thursday April 05, 2018",1727,Z 18 29 61 75 ,govisetha
"Wednesday April 04, 2018",1726,E 05 11 35 55 ,govisetha
"Tuesday April 03, 2018",1725,S 22 30 40 52 ,govisetha
"Monday April 02, 2018",1724,O 28 63 75 76 ,govisetha
"Sunday April 01, 2018",1723,Y 29 34 78 80 ,govisetha
"Saturday March 31, 2018",1722,R 2 28 70 73 ,govisetha
"Friday March 30, 2018",1721,A 3 9 7 13 ,govisetha
"Thursday March 29, 2018",1720,O 10 19 24 51 ,govisetha
"Wednesday March 28, 2018",1719,J 18 36 47 62 ,govisetha
"Tuesday March 27, 2018",1718,R 08 61 78 79 ,govisetha
"Monday March 26, 2018",1717,O 5 41 45 51 ,govisetha
"Sunday March 25, 2018",1716,X 15 33 36 62 ,govisetha
"Saturday March 24, 2018",1715,X 15 55 61 78 ,govisetha
"Friday March 23, 2018",1714,W 10 24 40 59 ,govisetha
"Thursday March 22, 2018",1713,W 3 9 33 34 ,govisetha
"Wednesday March 21, 2018",1712,A 6 8 62 67 ,govisetha
"Tuesday March 20, 2018",1711,A 4 38 47 50 ,govisetha
"Monday March 19, 2018",1710,F 29 52 60 66 ,govisetha
"Sunday March 18, 2018",1709,G 25 26 42 75 ,govisetha
"Saturday March 17, 2018",1708,R 2 30 37 78 ,govisetha
"Friday March 16, 2018",1707,T 21 37 58 59 ,govisetha
"Thursday March 15, 2018",1706,L 23 39 62 76 ,govisetha
"Wednesday March 14, 2018",1705,H 1 5 37 60 ,govisetha
"Tuesday March 13, 2018",1704,Z 27 35 54 55 ,govisetha
"Monday March 12, 2018",1703,P 8 9 40 70 ,govisetha
"Sunday March 11, 2018",1702,U 10 16 31 60 ,govisetha
"Saturday March 10, 2018",1701,E 21 25 56 80 ,govisetha
"Friday March 09, 2018",1700,F 21 27 63 76 ,govisetha
"Thursday March 08, 2018",1699,M 3 7 40 72 ,govisetha
"Wednesday March 07, 2018",1698,F 29 46 58 76 ,govisetha
"Tuesday March 06, 2018",1697,P 17 25 41 63 ,govisetha
"Monday March 05, 2018",1696,J 15 25 42 49 ,govisetha
"Sunday March 04, 2018",1695,F 10 56 71 72 ,govisetha
"Saturday March 03, 2018",1694,T 18 25 41 69 ,govisetha
"Friday March 02, 2018",1693,G 22 29 50 70 ,govisetha
"Thursday March 01, 2018",1692,H 11 24 59 60 ,govisetha
"Wednesday February 28, 2018",1691,O 27 35 50 59 ,govisetha
"Tuesday February 27, 2018",1690,A 31 34 46 80 ,govisetha
"Monday February 26, 2018",1689,L 38 51 67 78 ,govisetha
"Sunday February 25, 2018",1688,D 28 33 54 68 ,govisetha
"Saturday February 24, 2018",1687,K 8 45 56 66 ,govisetha
"Friday February 23, 2018",1686,T 2 51 64 75 ,govisetha
"Thursday February 22, 2018",1685,Y 14 38 44 71 ,govisetha
"Wednesday February 21, 2018",1684,S 58 61 62 70 ,govisetha
"Tuesday February 20, 2018",1683,J 27 37 46 59 ,govisetha
"Monday February 19, 2018",1682,W 5 22 48 67 ,govisetha
"Sunday February 18, 2018",1681,P 12 22 53 67 ,govisetha
"Saturday February 17, 2018",1680,O 15 31 44 68 ,govisetha
"Friday February 16, 2018",1679,E 11 50 64 75 ,govisetha
"Thursday February 15, 2018",1678,T 09 32 44 48 ,govisetha
"Wednesday February 14, 2018",1677,C 7 54 59 66 ,govisetha
"Tuesday February 13, 2018",1676,P 06 16 51 72 ,govisetha
"Monday February 12, 2018",1675,Y 14 39 41 42 ,govisetha
"Sunday February 11, 2018",1674,L 13 33 40 61 ,govisetha
"Saturday February 10, 2018",1673,K 17 27 59 69 ,govisetha
"Friday February 09, 2018",1672,D 14 24 57 63 ,govisetha
"Thursday February 08, 2018",1671,L 41 46 51 59 ,govisetha
"Wednesday February 07, 2018",1670,D 23 39 40 61 ,govisetha
"Tuesday February 06, 2018",1669,Q 12 32 34 55 ,govisetha
"Monday February 05, 2018",1668,X 16 19 24 39 ,govisetha
"Sunday February 04, 2018",1667,L 14 22 30 68 ,govisetha
"Saturday February 03, 2018",1666,S 2 54 56 67 ,govisetha
"Friday February 02, 2018",1665,O 9 14 47 80 ,govisetha
"Thursday February 01, 2018",1664,D 12 23 35 55 ,govisetha
"Wednesday January 31, 2018",1663,Z 8 14 15 68 ,govisetha
"Tuesday January 30, 2018",1662,F 8 35 50 74 ,govisetha
"Monday January 29, 2018",1661,U 26 57 61 77 ,govisetha
"Sunday January 28, 2018",1660,K 11 49 54 75 ,govisetha
"Saturday January 27, 2018",1659,D 6 33 62 67 ,govisetha
"Friday January 26, 2018",1658,A 3 7 30 77 ,govisetha
"Thursday January 25, 2018",1657,L 13 60 76 77 ,govisetha
"Wednesday January 24, 2018",1656,T 14 25 48 74 ,govisetha
"Tuesday January 23, 2018",1655,I 21 40 54 62 ,govisetha
"Monday January 22, 2018",1654,X 10 21 32 76 ,govisetha
"Sunday January 21, 2018",1653,V 46 53 64 76 ,govisetha
"Saturday January 20, 2018",1652,J 5 30 37 68 ,govisetha
"Friday January 19, 2018",1651,S 47 48 58 63 ,govisetha
"Thursday January 18, 2018",1650,S 24 37 47 77 ,govisetha
"Wednesday January 17, 2018",1649,E 6 13 22 40 ,govisetha
"Tuesday January 16, 2018",1648,H 11 54 60 75 ,govisetha
"Monday January 15, 2018",1647,K 06 09 28 50 ,govisetha
"Sunday January 14, 2018",1646,F 03 12 27 38 ,govisetha
"Saturday January 13, 2018",1645,H 17 21 37 71 ,govisetha
"Friday January 12, 2018",1644,J 05 24 25 42 ,govisetha
"Thursday January 11, 2018",1643,F 05 57 65 70 ,govisetha
"Wednesday January 10, 2018",1642,S 14 38 49 57 ,govisetha
"Tuesday January 09, 2018",1641,O 25 40 76 77 ,govisetha
"Monday January 08, 2018",1640,X 7 19 28 54 ,govisetha
"Sunday January 07, 2018",1639,H 48 58 63 75 ,govisetha
"Saturday January 06, 2018",1638,L 26 42 43 48 ,govisetha
"Friday January 05, 2018",1637,P 20 41 65 77 ,govisetha
"Thursday January 04, 2018",1636,P 10 15 28 47 ,govisetha
"Wednesday January 03, 2018",1635,O 32 69 74 76 ,govisetha
"Tuesday January 02, 2018",1634,C 40 66 70 75 ,govisetha
"Monday January 01, 2018",1633,G 37 40 43 66 ,govisetha
"Saturday December 30, 2017",1632,J 14 20 22 59 ,govisetha
"Thursday December 28, 2017",1631,X 06 26 38 56 ,govisetha
"Wednesday December 27, 2017",1630,D 45 47 60 72 ,govisetha
"Tuesday December 26, 2017",1629,N 14 26 30 39 ,govisetha
"Monday December 25, 2017",1628,V 9 12 36 52 ,govisetha
"Saturday December 23, 2017",1627,V 41 57 60 64 ,govisetha
"Thursday December 21, 2017",1626,K 10 40 60 66 ,govisetha
"Wednesday December 20, 2017",1625,D 9 16 52 69 ,govisetha
"Tuesday December 19, 2017",1624,P 02 28 35 63 ,govisetha
"Monday December 18, 2017",1623,N 14 43 64 76 ,govisetha
"Saturday December 16, 2017",1622,H 9 12 45 60 ,govisetha
"Thursday December 14, 2017",1621,H 28 39 71 72 ,govisetha
"Wednesday December 13, 2017",1620,F 35 54 56 61 ,govisetha
"Tuesday December 12, 2017",1619,R 01 12 33 76 ,govisetha
"Monday December 11, 2017",1618,T 7 18 43 62 ,govisetha
"Saturday December 09, 2017",1617,Z 11 30 31 64 ,govisetha
"Thursday December 07, 2017",1616,B 09 16 48 53 ,govisetha
"Wednesday December 06, 2017",1615,F 33 48 55 60 ,govisetha
"Tuesday December 05, 2017",1614,Z 47 49 60 64 ,govisetha
"Monday December 04, 2017",1613,J 10 54 66 77 ,govisetha
"Saturday December 02, 2017",1612,B 20 50 59 70 ,govisetha
"Thursday November 30, 2017",1611,Q 3 46 58 80 ,govisetha
"Wednesday November 29, 2017",1610,S 22 37 42 48 ,govisetha
"Tuesday November 28, 2017",1609,K 14 27 41 44 ,govisetha
"Monday November 27, 2017",1608,D 16 29 50 61 ,govisetha
"Saturday November 25, 2017",1607,U 14 28 29 76 ,govisetha
"Thursday November 23, 2017",1606,E 3 7 70 80 ,govisetha
"Wednesday November 22, 2017",1605,A 07 14 22 65 ,govisetha
"Tuesday November 21, 2017",1604,B 13 47 49 78 ,govisetha
"Monday November 20, 2017",1603,C 33 54 57 65 ,govisetha
"Saturday November 18, 2017",1602,B 9 14 60 72 ,govisetha
"Thursday November 16, 2017",1601,R 07 18 34 80 ,govisetha
"Wednesday November 15, 2017",1600,T 33 35 75 78 ,govisetha
"Tuesday November 14, 2017",1599,E 1 22 36 44 ,govisetha
"Monday November 13, 2017",1598,N 18 19 57 75 ,govisetha
"Saturday November 11, 2017",1597,I 22 23 37 65 ,govisetha
"Thursday November 09, 2017",1596,R 27 43 70 76 ,govisetha
"Wednesday November 08, 2017",1595,A 35 50 51 61 ,govisetha
"Tuesday November 07, 2017",1594,U 05 09 20 62 ,govisetha
"Monday November 06, 2017",1593,Y 31 40 48 75 ,govisetha
"Saturday November 04, 2017",1592,O 5 22 74 77 ,govisetha
"Thursday November 02, 2017",1591,A 9 30 60 66 ,govisetha
"Wednesday November 01, 2017",1590,H 06 08 41 53 ,govisetha
"Tuesday October 31, 2017",1589,A 25 35 42 50 ,govisetha
"Monday October 30, 2017",1588,Q 53 67 75 78 ,govisetha
"Saturday October 28, 2017",1587,H 6 9 70 71 ,govisetha
"Thursday October 26, 2017",1586,X 02 03 12 64 ,govisetha
"Wednesday October 25, 2017",1585,F 44 49 67 68 ,govisetha
"Tuesday October 24, 2017",1584,Y 09 17 43 78 ,govisetha
"Monday October 23, 2017",1583,F 6 15 26 38 ,govisetha
"Saturday October 21, 2017",1582,X 16 24 30 37 ,govisetha
"Thursday October 19, 2017",1581,K 14 35 67 73 ,govisetha
"Wednesday October 18, 2017",1580,Q 1 15 33 80 ,govisetha
"Tuesday October 17, 2017",1579,K 43 58 66 72 ,govisetha
"Monday October 16, 2017",1578,O 17 22 30 63 ,govisetha
"Saturday October 14, 2017",1577,S 31 57 70 79 ,govisetha
"Thursday October 12, 2017",1576,Y 07 27 59 71 ,govisetha
"Wednesday October 11, 2017",1575,Y 45 48 55 76 ,govisetha
"Tuesday October 10, 2017",1574,V 06 25 56 69 ,govisetha
"Monday October 09, 2017",1573,Z 20 32 37 48 ,govisetha
"Saturday October 07, 2017",1572,F 11 58 68 80 ,govisetha
"Thursday October 05, 2017",1571,P 52 59 67 76 ,govisetha
"Wednesday October 04, 2017",1570,A 5 30 50 65 ,govisetha
"Tuesday October 03, 2017",1569,M 21 48 68 74 ,govisetha
"Monday October 02, 2017",1568,Y 22 64 68 78 ,govisetha
"Saturday September 30, 2017",1567,G 43 44 60 67 ,govisetha
"Thursday September 28, 2017",1566,Y 17 21 36 55 ,govisetha
"Wednesday September 27, 2017",1565,Y 40 59 60 80 ,govisetha
"Tuesday September 26, 2017",1564,P 03 22 56 59 ,govisetha
"Monday September 25, 2017",1563,B 6 18 32 49 ,govisetha
"Saturday September 23, 2017",1562,L 19 20 29 71 ,govisetha
"Thursday September 21, 2017",1561,G 01 41 54 69 ,govisetha
"Wednesday September 20, 2017",1560,D 25 45 50 61 ,govisetha
"Tuesday September 19, 2017",1559,W 12 46 64 73 ,govisetha
"Monday September 18, 2017",1558,H 12 17 25 61 ,govisetha
"Saturday September 16, 2017",1557,N 21 23 66 73 ,govisetha
"Thursday September 14, 2017",1556,O 27 36 63 68 ,govisetha
"Wednesday September 13, 2017",1555,X 13 46 74 78 ,govisetha
"Tuesday September 12, 2017",1554,M 11 58 62 79 ,govisetha
"Monday September 11, 2017",1553,N 16 46 67 72 ,govisetha
"Saturday September 09, 2017",1552,Z 16 18 25 57 ,govisetha
"Thursday September 07, 2017",1551,Q 13 49 53 59 ,govisetha
"Wednesday September 06, 2017",1550,G 8 14 45 76 ,govisetha
"Tuesday September 05, 2017",1549,C 18 25 41 74 ,govisetha
"Monday September 04, 2017",1548,C 13 28 55 80 ,govisetha
"Saturday September 02, 2017",1547,S 19 20 32 64 ,govisetha
"Thursday August 31, 2017",1546,Y 59 62 66 69 ,govisetha
"Wednesday August 30, 2017",1545,I 11 36 52 53 ,govisetha
"Tuesday August 29, 2017",1544,O 25 44 65 68 ,govisetha
"Monday August 28, 2017",1543,J 11 18 31 58 ,govisetha
"Saturday August 26, 2017",1542,M 1 34 68 77 ,govisetha
"Thursday August 24, 2017",1541,J 12 16 61 80 ,govisetha
"Wednesday August 23, 2017",1540,Z 24 33 39 76 ,govisetha
"Tuesday August 22, 2017",1539,R 02 23 30 52 ,govisetha
"Monday August 21, 2017",1538,A 16 18 23 66 ,govisetha
"Saturday August 19, 2017",1537,L 45 53 57 76 ,govisetha
"Thursday August 17, 2017",1536,D 01 20 28 47 ,govisetha
"Wednesday August 16, 2017",1535,Y 1 9 16 19 ,govisetha
"Tuesday August 15, 2017",1534,A 19 50 66 80 ,govisetha
"Monday August 14, 2017",1533,Y 16 31 40 68 ,govisetha
"Saturday August 12, 2017",1532,U 6 61 77 80 ,govisetha
"Thursday August 10, 2017",1531,P 4 23 28 61 ,govisetha
"Wednesday August 09, 2017",1530,D 17 26 44 57 ,govisetha
"Tuesday August 08, 2017",1529,S 18 44 52 72 ,govisetha
"Monday August 07, 2017",1528,Q 22 27 28 54 ,govisetha
"Saturday August 05, 2017",1527,M 22 44 50 59 ,govisetha
"Thursday August 03, 2017",1526,Z 6 31 60 72 ,govisetha
"Wednesday August 02, 2017",1525,R 29 38 71 72 ,govisetha
"Tuesday August 01, 2017",1524,Z 09 18 30 43 ,govisetha
"Monday July 31, 2017",1523,W 16 22 39 44 ,govisetha
"Saturday July 29, 2017",1522,F 1 12 23 45 ,govisetha
"Thursday July 27, 2017",1521,I 19 48 68 80 ,govisetha
"Wednesday July 26, 2017",1520,B 11 21 46 59 ,govisetha
"Tuesday July 25, 2017",1519,L 10 46 47 48 ,govisetha
"Monday July 24, 2017",1518,Z 6 58 61 65 ,govisetha
"Saturday July 22, 2017",1517,A 18 54 59 63 ,govisetha
"Thursday July 20, 2017",1516,W 30 41 55 61 ,govisetha
"Wednesday July 19, 2017",1515,F 18 64 68 75 ,govisetha
"Tuesday July 18, 2017",1514,T 05 35 49 55 ,govisetha
"Monday July 17, 2017",1513,R 42 45 61 72 ,govisetha
"Saturday July 15, 2017",1512,S 14 19 40 78 ,govisetha
"Thursday July 13, 2017",1511,I 07 50 73 80 ,govisetha
"Wednesday July 12, 2017",1510,O 18 25 59 79 ,govisetha
"Tuesday July 11, 2017",1509,Z 07 17 28 39 ,govisetha
"Monday July 10, 2017",1508,P 2 4 36 68 ,govisetha
"Saturday July 08, 2017",1507,E 33 39 73 79 ,govisetha
"Thursday July 06, 2017",1506,W 42 44 68 76 ,govisetha
"Wednesday July 05, 2017",1505,D 9 20 40 70 ,govisetha
"Tuesday July 04, 2017",1504,F 20 36 40 79 ,govisetha
"Monday July 03, 2017",1503,H 18 29 37 67 ,govisetha
"Saturday July 01, 2017",1502,R 9 38 48 61 ,govisetha
"Thursday June 29, 2017",1501,G 16 42 64 73 ,govisetha
"Wednesday June 28, 2017",1500,3642 G 2 52 57 ,govisetha
"Tuesday June 27, 2017",1499,G 09 33 37 54 ,govisetha
"Monday June 26, 2017",1498,D 12 55 56 79 ,govisetha
"Saturday June 24, 2017",1497,V 09 25 37 71 ,govisetha
"Thursday June 22, 2017",1496,D 36 37 60 71 ,govisetha
"Wednesday June 21, 2017",1495,I 36 42 68 79 ,govisetha
"Tuesday June 20, 2017",1494,L 06 25 41 67 ,govisetha
"Monday June 19, 2017",1493,W 22 29 42 65 ,govisetha
"Saturday June 17, 2017",1492,B 65 66 70 80 ,govisetha
"Thursday June 15, 2017",1491,P 20 36 44 64 ,govisetha
"Wednesday June 14, 2017",1490,R 24 51 59 71 ,govisetha
"Tuesday June 13, 2017",1489,J 31 49 50 67 ,govisetha
"Monday June 12, 2017",1488,Y 46 64 67 79 ,govisetha
"Saturday June 10, 2017",1487,S 2 54 65 77 ,govisetha
"Thursday June 08, 2017",1486,P 04 12 14 54 ,govisetha
"Wednesday June 07, 2017",1485,M 19 27 69 72 ,govisetha
"Tuesday June 06, 2017",1484,D 26 41 61 63 ,govisetha
"Monday June 05, 2017",1483,T 5 23 56 75 ,govisetha
"Saturday June 03, 2017",1482,X 1 33 44 49 ,govisetha
"Thursday June 01, 2017",1481,D 37 66 73 75 ,govisetha
"Thursday June 07, 2018",1495,E B F 08 31 41 72 22 ,vasana-sampatha
"Thursday May 31, 2018",1494,B S A 17 28 61 73 68 ,vasana-sampatha
"Thursday May 24, 2018",1493,R C E 04 09 26 47 59 ,vasana-sampatha
"Thursday May 17, 2018",1492,S G O 17 38 51 62 65 ,vasana-sampatha
"Thursday May 10, 2018",1491,K A M 33 38 48 56 42 ,vasana-sampatha
"Thursday May 03, 2018",1490,Q M W 6 19 21 29 31 ,vasana-sampatha
"Thursday April 26, 2018",1489,V T U 23 25 28 46 13 ,vasana-sampatha
"Thursday April 19, 2018",1488,I V A 11 25 43 57 60 ,vasana-sampatha
"Thursday April 12, 2018",1487,T X S 9 59 65 70 64 ,vasana-sampatha
"Thursday April 05, 2018",1486,Q S F 5 47 63 67 73 ,vasana-sampatha
"Thursday March 29, 2018",1485,I K B 25 34 43 57 49 ,vasana-sampatha
"Thursday March 22, 2018",1484,J N S 13 24 34 50 38 ,vasana-sampatha
"Thursday March 15, 2018",1483,U P N 7 22 55 67 33 ,vasana-sampatha
"Thursday March 08, 2018",1482,W D I 32 34 54 61 31 ,vasana-sampatha
"Thursday March 01, 2018",1481,P G N 47 48 59 70 68 ,vasana-sampatha
"Thursday February 22, 2018",1480,E G N 10 50 52 56 29 ,vasana-sampatha
"Thursday February 15, 2018",1479,T E O 35 48 57 73 38 ,vasana-sampatha
"Thursday February 08, 2018",1478,K G U 03 23 29 33 68 ,vasana-sampatha
"Thursday February 01, 2018",1477,N V W 22 24 28 70 12 ,vasana-sampatha
"Thursday January 25, 2018",1476,K X O 01 04 47 66 06 ,vasana-sampatha
"Thursday January 18, 2018",1475,U R L 13 18 23 69 17 ,vasana-sampatha
"Thursday January 11, 2018",1474,C O S 07 30 55 73 12 ,vasana-sampatha
"Thursday January 04, 2018",1473,U J N 07 15 41 61 62 ,vasana-sampatha
"Thursday December 28, 2017",1472,E G W 04 20 23 34 30 ,vasana-sampatha
"Monday December 25, 2017",1471,X K S 37 43 50 70 20 ,vasana-sampatha
"Thursday December 21, 2017",1470,Y T V 23 32 38 74 37 ,vasana-sampatha
"Monday December 18, 2017",1469,B P V 27 44 66 67 38 ,vasana-sampatha
"Thursday December 14, 2017",1468,Y Z P 09 12 37 39 26 ,vasana-sampatha
"Monday December 11, 2017",1467,X I C 12 23 26 60 48 ,vasana-sampatha
"Thursday December 07, 2017",1466,S B F 30 33 66 70 10 ,vasana-sampatha
"Monday December 04, 2017",1465,F B S 1 10 15 19 39 ,vasana-sampatha
"Thursday November 30, 2017",1464,S K E 34 41 56 72 31 ,vasana-sampatha
"Monday November 27, 2017",1463,H I Q 6 23 31 33 38 ,vasana-sampatha
"Thursday November 23, 2017",1462,Y B F 2 6 16 63 26 ,vasana-sampatha
"Monday November 20, 2017",1461,Q B E 12 30 55 56 34 ,vasana-sampatha
"Thursday November 16, 2017",1460,L W V 17 23 30 58 12 ,vasana-sampatha
"Monday November 13, 2017",1459,V G J 06 20 33 36 26 ,vasana-sampatha
"Thursday November 09, 2017",1458,C J O 09 23 41 67 74 ,vasana-sampatha
"Monday November 06, 2017",1457,S G M 33 46 57 61 10 ,vasana-sampatha
"Thursday November 02, 2017",1456,F M Q 21 28 34 45 8 ,vasana-sampatha
"Monday October 30, 2017",1455,H Z I 11 44 65 67 56 ,vasana-sampatha
"Thursday October 26, 2017",1454,Q L S 18 30 52 73 66 ,vasana-sampatha
"Monday October 23, 2017",1453,M C V 26 51 60 71 62 ,vasana-sampatha
"Thursday October 19, 2017",1452,P O C 07 18 27 40 60 ,vasana-sampatha
"Monday October 16, 2017",1451,I U L 5 24 31 47 61 ,vasana-sampatha
"Thursday October 12, 2017",1450,W A F 08 09 43 72 64 ,vasana-sampatha
"Monday October 09, 2017",1449,D F V 8 24 48 52 54 ,vasana-sampatha
"Thursday October 05, 2017",1448,S I O 27 31 43 54 48 ,vasana-sampatha
"Monday October 02, 2017",1447,Z J B 17 42 58 69 55 ,vasana-sampatha
"Thursday September 28, 2017",1446,M J V 6 44 49 64 29 ,vasana-sampatha
"Monday September 25, 2017",1445,U H P 29 37 57 70 46 ,vasana-sampatha
"Thursday September 21, 2017",1444,E A C 26 32 56 59 60 ,vasana-sampatha
"Monday September 18, 2017",1443,S W V 01 07 15 72 36 ,vasana-sampatha
"Thursday September 14, 2017",1442,N U X 07 15 16 37 44 ,vasana-sampatha
"Monday September 11, 2017",1441,R F L 12 13 21 59 52 ,vasana-sampatha
"Thursday September 07, 2017",1440,B Q H 10 14 18 56 37 ,vasana-sampatha
"Monday September 04, 2017",1439,D Y J 10 14 52 59 16 ,vasana-sampatha
"Thursday August 31, 2017",1438,Y C H 23 35 56 61 22 ,vasana-sampatha
"Monday August 28, 2017",1437,H I N 20 46 53 58 23 ,vasana-sampatha
"Thursday August 24, 2017",1436,N A Z 28 38 56 71 34 ,vasana-sampatha
"Monday August 21, 2017",1435,A U N 33 47 69 73 20 ,vasana-sampatha
"Thursday August 17, 2017",1434,N E L 14 33 44 73 05 ,vasana-sampatha
"Monday August 14, 2017",1433,K N R 1 9 45 66 30 ,vasana-sampatha
"Thursday August 10, 2017",1432,A J L 15 47 67 69 6 ,vasana-sampatha
"Monday August 07, 2017",1431,N K F 40 47 61 64 43 ,vasana-sampatha
"Thursday August 03, 2017",1430,B K V 25 29 36 60 62 ,vasana-sampatha
"Monday July 31, 2017",1429,M J Y 26 41 63 73 47 ,vasana-sampatha
"Thursday July 27, 2017",1428,M F G 14 37 53 68 43 ,vasana-sampatha
"Monday July 24, 2017",1427,F B W 4 44 67 69 18 ,vasana-sampatha
"Thursday July 20, 2017",1426,S V D 5 11 17 32 8 ,vasana-sampatha
"Monday July 17, 2017",1425,M B U 31 51 55 60 68 ,vasana-sampatha
"Thursday July 13, 2017",1424,D N O 27 45 50 51 58 ,vasana-sampatha
"Monday July 10, 2017",1423,N Z P 38 44 51 69 45 ,vasana-sampatha
"Thursday July 06, 2017",1422,GREY SCORPIO 02 13 15 37 71 ,vasana-sampatha
"Monday July 03, 2017",1421,GREY TAURUS 11 19 37 57 26 ,vasana-sampatha
"Thursday June 29, 2017",1420,GREY LIBRA 05 21 24 68 22 ,vasana-sampatha
"Monday June 26, 2017",1419,YELLOW CANCER 45 51 66 68 71 ,vasana-sampatha
"Thursday June 22, 2017",1418,GREY LEO 15 25 32 38 08 ,vasana-sampatha
"Monday June 19, 2017",1417,BLUE LEO 23 24 42 64 62 ,vasana-sampatha
"Thursday June 15, 2017",1416,YELLOW ARIES 10 13 70 72 51 ,vasana-sampatha
"Monday June 12, 2017",1415,CYAN CAPRICORN 6 19 35 61 56 ,vasana-sampatha
"Thursday June 08, 2017",1414,GREY ARIES 02 47 55 67 50 ,vasana-sampatha
"Monday June 05, 2017",1413,BLUE ARIES 18 22 48 72 62 ,vasana-sampatha
"Thursday June 01, 2017",1412,ORANGE SCORPIO 10 11 37 72 61 ,vasana-sampatha
"Tuesday June 12, 2018",91,V 24 32 54 57 ,sevana
"Saturday June 09, 2018",90,K 2 21 53 61 ,sevana
"Tuesday June 05, 2018",89,T 12 14 30 41 ,sevana
"Saturday June 02, 2018",88,D 15 35 42 58 ,sevana
"Tuesday May 29, 2018",87,A 15 24 32 38 ,sevana
"Saturday May 26, 2018",86,S 4 7 32 68 ,sevana
"Tuesday May 22, 2018",85,R 18 35 44 64 ,sevana
"Saturday May 19, 2018",84,O 28 29 45 51 ,sevana
"Tuesday May 15, 2018",83,X 35 43 54 56 ,sevana
"Saturday May 12, 2018",82,O 2 30 49 68 ,sevana
"Tuesday May 08, 2018",81,L 15 17 27 53 ,sevana
"Saturday May 05, 2018",80,X 12 36 42 46 ,sevana
"Tuesday May 01, 2018",79,I 05 13 40 65 ,sevana
"Saturday April 28, 2018",78,A 20 37 54 59 ,sevana
"Tuesday April 24, 2018",77,A 04 23 41 53 ,sevana
"Saturday April 21, 2018",76,Z 32 35 55 66 ,sevana
"Tuesday April 10, 2018",75,W 11 42 47 53 ,sevana
"Saturday April 07, 2018",74,L 2 5 18 60 ,sevana
"Tuesday April 03, 2018",73,N 03 22 23 34 ,sevana
"Saturday March 31, 2018",72,D 28 33 45 58 ,sevana
"Tuesday March 27, 2018",71,O 08 18 32 45 ,sevana
"Saturday March 24, 2018",70,E 14 25 41 53 ,sevana
"Tuesday March 20, 2018",69,I 11 14 35 44 ,sevana
"Saturday March 17, 2018",68,R 2 35 38 65 ,sevana
"Tuesday March 13, 2018",67,W 08 36 44 63 ,sevana
"Saturday March 10, 2018",66,I 3 19 30 51 ,sevana
"Tuesday March 06, 2018",65,X 07 24 38 57 ,sevana
"Saturday March 03, 2018",64,C 2 9 25 62 ,sevana
"Tuesday February 27, 2018",63,H 01 07 14 34 ,sevana
"Saturday February 24, 2018",62,T 16 21 55 58 ,sevana
"Tuesday February 20, 2018",61,O 35 41 67 69 ,sevana
"Saturday February 17, 2018",60,P 10 20 24 58 ,sevana
"Tuesday February 13, 2018",59,V 25 62 65 69 ,sevana
"Saturday February 10, 2018",58,X 5 32 57 69 ,sevana
"Tuesday February 06, 2018",57,U 02 22 49 52 ,sevana
"Saturday February 03, 2018",56,Z 4 26 30 57 ,sevana
"Tuesday January 30, 2018",55,U 14 26 30 67 ,sevana
"Saturday January 27, 2018",54,G 20 26 37 49 ,sevana
"Tuesday January 23, 2018",53,R 8 33 35 62 ,sevana
"Saturday January 20, 2018",52,P 25 27 57 59 ,sevana
"Tuesday January 16, 2018",51,Z 37 55 56 57 ,sevana
"Saturday January 13, 2018",50,X 11 17 24 42 ,sevana
"Tuesday January 09, 2018",49,N 29 35 52 64 ,sevana
"Saturday January 06, 2018",48,X 1 19 39 50 ,sevana
"Tuesday January 02, 2018",47,F 19 23 56 57 ,sevana
"Saturday December 30, 2017",46,J 22 27 58 69 ,sevana
"Thursday December 28, 2017",45,P 08 32 33 67 ,sevana
"Saturday December 23, 2017",44,B 7 45 46 55 ,sevana
"Thursday December 21, 2017",43,S 17 39 45 69 ,sevana
"Saturday December 16, 2017",42,E 7 18 47 57 ,sevana
"Thursday December 14, 2017",41,Y 17 46 58 62 ,sevana
"Saturday December 09, 2017",40,B 27 32 57 66 ,sevana
"Thursday December 07, 2017",39,M 42 44 52 64 ,sevana
"Saturday December 02, 2017",38,Q 7 27 28 63 ,sevana
"Thursday November 30, 2017",37,U 4 61 62 68 ,sevana
"Saturday November 25, 2017",36,A 48 56 66 68 ,sevana
"Thursday November 23, 2017",35,Z 3 9 36 37 ,sevana
"Saturday November 18, 2017",34,S 27 38 61 66 ,sevana
"Thursday November 16, 2017",33,R 03 11 30 54 ,sevana
"Saturday November 11, 2017",32,X 36 43 45 56 ,sevana
"Thursday November 09, 2017",31,E 13 15 61 63 ,sevana
"Saturday November 04, 2017",30,R 4 47 49 53 ,sevana
"Thursday November 02, 2017",29,L 24 35 38 58 ,sevana
"Saturday October 28, 2017",28,P 9 17 26 29 ,sevana
"Thursday October 26, 2017",27,C 13 22 33 49 ,sevana
"Saturday October 21, 2017",26,S 15 45 52 66 ,sevana
"Thursday October 19, 2017",25,J 22 42 51 60 ,sevana
"Saturday October 14, 2017",24,B 14 18 55 68 ,sevana
"Thursday October 12, 2017",23,A 04 13 41 55 ,sevana
"Saturday October 07, 2017",22,R 6 13 31 45 ,sevana
"Thursday October 05, 2017",21,D 08 10 54 62 ,sevana
"Saturday September 30, 2017",20,Y 40 57 60 66 ,sevana
"Thursday September 28, 2017",19,D 22 37 61 69 ,sevana
"Saturday September 23, 2017",18,B 04 52 59 66 ,sevana
"Thursday September 21, 2017",17,S 02 08 21 40 ,sevana
"Saturday September 16, 2017",16,N 09 45 47 55 ,sevana
"Thursday September 14, 2017",15,O 09 11 17 45 ,sevana
"Saturday September 09, 2017",14,H 16 44 55 60 ,sevana
"Thursday September 07, 2017",13,N 18 19 25 59 ,sevana
"Saturday September 02, 2017",12,K 12 17 29 55 ,sevana
"Thursday August 31, 2017",11,I 09 16 17 69 ,sevana
"Saturday August 26, 2017",10,E 4 12 59 61 ,sevana
"Thursday August 24, 2017",9,Q 26 30 36 67 ,sevana
"Saturday August 19, 2017",8,Q 38 53 61 63 ,sevana
"Thursday August 17, 2017",7,S 11 50 64 65 ,sevana
"Saturday August 12, 2017",6,B 1 27 28 30 ,sevana
"Thursday August 10, 2017",5,P 2 4 11 28 ,sevana
"Saturday August 05, 2017",4,L 21 35 58 65 ,sevana
"Thursday August 03, 2017",3,Z 8 12 18 56 ,sevana
"Saturday July 29, 2017",2,E 12 14 30 67 ,sevana
"Thursday July 27, 2017",1,U 02 14 19 53 ,sevana
"Sunday June 10, 2018",8,S 23 31 49 62 ,dhana-nidhanaya
"Friday June 08, 2018",7,B 13 19 40 45 ,dhana-nidhanaya
"Wednesday June 06, 2018",6,C 7 23 59 79 ,dhana-nidhanaya
"Sunday June 03, 2018",5,A 24 48 56 62 ,dhana-nidhanaya
"Friday June 01, 2018",4,E 26 35 38 77 ,dhana-nidhanaya
"Wednesday May 30, 2018",3,S 18 61 74 82 ,dhana-nidhanaya
"Sunday May 27, 2018",2,W 27 38 40 57 ,dhana-nidhanaya
"Friday May 25, 2018",1,Q 32 63 70 78 ,dhana-nidhanaya
"Monday May 21, 2018",103,L 3 4 63 ,delakshapathi
"Monday May 14, 2018",102,P 3 16 37 ,delakshapathi
"Monday May 07, 2018",101,I 37 45 61 ,delakshapathi
"Monday April 23, 2018",100,B 23 44 45 ,delakshapathi
"Monday April 09, 2018",99,P 8 29 53 ,delakshapathi
"Monday April 02, 2018",98,C 13 29 67 ,delakshapathi
"Monday March 26, 2018",97,E 5 14 62 ,delakshapathi
"Monday March 19, 2018",96,Q 11 45 62 ,delakshapathi
"Monday March 12, 2018",95,A 25 52 62 ,delakshapathi
"Monday March 05, 2018",94,S 33 36 63 ,delakshapathi
"Monday February 26, 2018",93,N 7 32 47 ,delakshapathi
"Monday February 19, 2018",92,I 25 48 68 ,delakshapathi
"Monday February 12, 2018",91,J 30 52 58 ,delakshapathi
"Monday February 05, 2018",90,C 12 22 61 ,delakshapathi
"Monday January 29, 2018",89,P 03 30 37 ,delakshapathi
"Monday January 22, 2018",88,O 15 16 33 ,delakshapathi
"Monday January 15, 2018",87,V 09 17 20 ,delakshapathi
"Monday January 08, 2018",86,M 1 11 48 ,delakshapathi
"Monday January 01, 2018",85,M 42 48 68 ,delakshapathi
"Friday December 29, 2017",84,M 63 64 69 ,delakshapathi
"Friday December 22, 2017",83,Z 26 32 40 ,delakshapathi
"Friday December 15, 2017",82,O 13 19 42 ,delakshapathi
"Friday December 08, 2017",81,E 2 35 48 ,delakshapathi
"Friday December 01, 2017",80,P 4 21 46 ,delakshapathi
"Friday November 24, 2017",79,L 10 28 51 ,delakshapathi
"Friday November 17, 2017",78,J 10 28 33 ,delakshapathi
"Friday November 10, 2017",77,E 12 49 63 ,delakshapathi
"Friday November 03, 2017",76,F 1 5 56 ,delakshapathi
"Friday October 27, 2017",75,E 12 26 35 ,delakshapathi
"Friday October 20, 2017",74,L 4 6 48 ,delakshapathi
"Friday October 13, 2017",73,V 3 5 47 ,delakshapathi
"Friday October 06, 2017",72,C 1 34 59 ,delakshapathi
"Friday September 29, 2017",71,M 31 50 51 ,delakshapathi
"Friday September 22, 2017",70,V 26 37 50 ,delakshapathi
"Friday September 15, 2017",69,E 27 50 65 ,delakshapathi
"Friday September 08, 2017",68,Z 40 50 67 ,delakshapathi
"Friday September 01, 2017",67,K 40 52 57 ,delakshapathi
"Friday August 25, 2017",66,H 46 67 69 ,delakshapathi
"Friday August 18, 2017",65,Z 35 38 62 ,delakshapathi
"Friday August 11, 2017",64,A 30 47 64 ,delakshapathi
"Friday August 04, 2017",63,U 14 27 36 ,delakshapathi
"Friday July 28, 2017",62,K 25 27 66 ,delakshapathi
"Friday July 21, 2017",61,B 4 6 13 ,delakshapathi
"Friday July 14, 2017",60,H 3 24 37 ,delakshapathi
"Friday July 07, 2017",59,V 17 37 41 ,delakshapathi
"Friday June 30, 2017",58,P 30 47 63 ,delakshapathi
"Friday June 23, 2017",57,U 25 40 63 ,delakshapathi
"Friday June 16, 2017",56,U 04 12 58 ,delakshapathi
"Friday June 09, 2017",55,Z 3 66 67 ,delakshapathi
"Friday June 02, 2017",54,F 12 17 40 ,delakshapathi
"Saturday June 09, 2018",846,E 3 6 5 6 3 2 ,jathika-sampatha
"Wednesday June 06, 2018",845,O 9 9 2 4 8 7 ,jathika-sampatha
"Saturday June 02, 2018",844,B 2 6 7 0 8 2 ,jathika-sampatha
"Wednesday May 30, 2018",843,Z 2 3 6 2 5 4 ,jathika-sampatha
"Saturday May 26, 2018",842,D 4 0 2 8 2 5 ,jathika-sampatha
"Wednesday May 23, 2018",841,C 7 4 9 0 8 8 ,jathika-sampatha
"Saturday May 19, 2018",840,Q 7 8 3 9 4 3 ,jathika-sampatha
"Wednesday May 16, 2018",839,N 4 1 3 5 1 5 ,jathika-sampatha
"Saturday May 12, 2018",838,M 9 7 2 8 4 2 ,jathika-sampatha
"Wednesday May 09, 2018",837,J 6 3 2 1 4 8 ,jathika-sampatha
"Saturday May 05, 2018",836,Y 4 6 5 0 4 5 ,jathika-sampatha
"Wednesday May 02, 2018",835,D 3 1 1 1 9 7 ,jathika-sampatha
"Saturday April 28, 2018",834,K 4 3 3 5 3 6 ,jathika-sampatha
"Wednesday April 25, 2018",833,C 7 0 1 6 1 0 ,jathika-sampatha
"Saturday April 21, 2018",832,M 3 4 5 9 6 7 ,jathika-sampatha
"Wednesday April 18, 2018",831,F 8 5 7 7 3 6 ,jathika-sampatha
"Wednesday April 11, 2018",830,R 1 4 3 6 7 0 ,jathika-sampatha
"Saturday April 07, 2018",829,E 3 3 3 6 6 1 ,jathika-sampatha
"Wednesday April 04, 2018",828,V 4 5 6 9 5 5 ,jathika-sampatha
"Saturday March 31, 2018",827,L 4 5 1 5 6 4 ,jathika-sampatha
"Wednesday March 28, 2018",826,K 0 0 7 2 1 6 ,jathika-sampatha
"Saturday March 24, 2018",825,J 9 5 5 5 5 2 ,jathika-sampatha
"Wednesday March 21, 2018",824,X 4 3 1 7 8 6 ,jathika-sampatha
"Saturday March 17, 2018",823,Y 1 6 0 3 5 4 ,jathika-sampatha
"Wednesday March 14, 2018",822,U 3 3 6 8 3 7 ,jathika-sampatha
"Saturday March 10, 2018",821,C 4 9 8 7 7 1 ,jathika-sampatha
"Wednesday March 07, 2018",820,T 4 2 1 6 5 2 ,jathika-sampatha
"Saturday March 03, 2018",819,N 4 6 3 5 3 1 ,jathika-sampatha
"Wednesday February 28, 2018",818,V 6 4 4 7 4 6 ,jathika-sampatha
"Saturday February 24, 2018",817,C 7 7 5 9 2 4 ,jathika-sampatha
"Wednesday February 21, 2018",816,Y 0 7 2 0 6 3 ,jathika-sampatha
"Saturday February 17, 2018",815,O 1 1 5 5 4 2 ,jathika-sampatha
"Wednesday February 14, 2018",814,U 0 5 7 6 1 9 ,jathika-sampatha
"Saturday February 10, 2018",813,V 9 0 7 3 2 6 ,jathika-sampatha
"Wednesday February 07, 2018",812,F 3 2 7 9 2 6 ,jathika-sampatha
"Saturday February 03, 2018",811,A 4 5 3 1 4 8 ,jathika-sampatha
"Wednesday January 31, 2018",810,L 0 1 0 4 3 5 ,jathika-sampatha
"Saturday January 27, 2018",809,R 4 3 9 8 6 6 ,jathika-sampatha
"Wednesday January 24, 2018",808,G 1 9 8 6 2 4 ,jathika-sampatha
"Saturday January 20, 2018",807,P 08 4 2 1 4 1 ,jathika-sampatha
"Wednesday January 17, 2018",806,L 05 3 9 2 7 4 ,jathika-sampatha
"Saturday January 13, 2018",805,C 03 4 8 2 0 2 ,jathika-sampatha
"Wednesday January 10, 2018",804,B 03 1 7 0 6 6 ,jathika-sampatha
"Saturday January 06, 2018",803,M 08 6 2 3 6 8 ,jathika-sampatha
"Wednesday January 03, 2018",802,K 10 9 6 3 9 5 ,jathika-sampatha
"Saturday December 30, 2017",801,O 03 2 3 2 7 8 ,jathika-sampatha
"Wednesday December 27, 2017",800,Z 06 8 7 1 0 0 ,jathika-sampatha
"Saturday December 23, 2017",799,V 05 4 5 3 5 3 ,jathika-sampatha
"Wednesday December 20, 2017",798,R 01 3 3 1 6 8 ,jathika-sampatha
"Saturday December 16, 2017",797,X 06 0 7 4 5 1 ,jathika-sampatha
"Wednesday December 13, 2017",796,F 06 4 9 2 5 3 ,jathika-sampatha
"Saturday December 09, 2017",795,C 01 6 4 3 5 7 ,jathika-sampatha
"Wednesday December 06, 2017",794,K 06 4 3 5 0 4 ,jathika-sampatha
"Saturday December 02, 2017",793,H 03 3 7 1 9 7 ,jathika-sampatha
"Wednesday November 29, 2017",792,Z 02 9 7 0 9 5 ,jathika-sampatha
"Saturday November 25, 2017",791,P 08 7 4 5 5 1 ,jathika-sampatha
"Wednesday November 22, 2017",790,X 06 9 4 5 3 2 ,jathika-sampatha
"Saturday November 18, 2017",789,J 10 8 8 4 8 0 ,jathika-sampatha
"Wednesday November 15, 2017",788,F 01 2 3 8 6 7 ,jathika-sampatha
"Saturday November 11, 2017",787,W 02 4 5 2 7 2 ,jathika-sampatha
"Wednesday November 08, 2017",786,O 09 9 7 1 1 8 ,jathika-sampatha
"Saturday November 04, 2017",785,O 6 8 8 3 9 0 ,jathika-sampatha
"Wednesday November 01, 2017",784,N 04 1 3 3 7 6 ,jathika-sampatha
"Saturday October 28, 2017",783,Y 10 3 9 6 4 6 ,jathika-sampatha
"Wednesday October 25, 2017",782,M 10 4 9 8 7 5 ,jathika-sampatha
"Saturday October 21, 2017",781,R 01 4 7 7 7 8 ,jathika-sampatha
"Wednesday October 18, 2017",780,M 01 0 9 8 8 4 ,jathika-sampatha
"Saturday October 14, 2017",779,D 04 1 3 9 5 5 ,jathika-sampatha
"Wednesday October 11, 2017",778,L 02 2 7 3 3 5 ,jathika-sampatha
"Saturday October 07, 2017",777,Z 08 4 3 8 3 3 ,jathika-sampatha
"Wednesday October 04, 2017",776,V 10 8 4 8 1 3 ,jathika-sampatha
"Saturday September 30, 2017",775,Z 05 4 0 0 3 9 ,jathika-sampatha
"Wednesday September 27, 2017",774,O 06 8 0 4 1 1 ,jathika-sampatha
"Saturday September 23, 2017",773,L 09 1 2 0 4 2 ,jathika-sampatha
"Wednesday September 20, 2017",772,W 06 4 3 0 8 2 ,jathika-sampatha
"Saturday September 16, 2017",771,W 05 0 1 5 8 0 ,jathika-sampatha
"Wednesday September 13, 2017",770,F 05 5 8 9 6 3 ,jathika-sampatha
"Saturday September 09, 2017",769,W 07 7 5 1 5 2 ,jathika-sampatha
"Wednesday September 06, 2017",768,R 06 4 5 9 6 7 ,jathika-sampatha
"Saturday September 02, 2017",767,H 02 3 5 6 8 6 ,jathika-sampatha
"Wednesday August 30, 2017",766,B 05 2 6 1 8 4 ,jathika-sampatha
"Saturday August 26, 2017",765,F 03 6 4 9 8 4 ,jathika-sampatha
"Wednesday August 23, 2017",764,R 10 8 3 2 6 1 ,jathika-sampatha
"Saturday August 19, 2017",763,K 08 6 7 1 0 9 ,jathika-sampatha
"Wednesday August 16, 2017",762,Q 05 8 3 6 2 2 ,jathika-sampatha
"Saturday August 12, 2017",761,U 04 2 7 7 8 2 ,jathika-sampatha
"Wednesday August 09, 2017",760,T 10 3 8 6 5 9 ,jathika-sampatha
"Saturday August 05, 2017",759,F 03 0 1 9 4 5 ,jathika-sampatha
"Wednesday August 02, 2017",758,Y 08 4 7 4 5 7 ,jathika-sampatha
"Saturday July 29, 2017",757,F 10 7 9 1 0 6 ,jathika-sampatha
"Wednesday July 26, 2017",756,O 01 9 0 7 7 3 ,jathika-sampatha
"Saturday July 22, 2017",755,V 10 4 4 0 9 1 ,jathika-sampatha
"Wednesday July 19, 2017",754,N 07 7 5 9 1 3 ,jathika-sampatha
"Saturday July 15, 2017",753,Y 05 3 2 2 2 4 ,jathika-sampatha
"Wednesday July 12, 2017",752,A 10 7 4 5 3 9 ,jathika-sampatha
"Saturday July 08, 2017",751,Y 02 9 5 0 2 4 ,jathika-sampatha
"Wednesday July 05, 2017",750,T 04 8 1 2 8 6 ,jathika-sampatha
"Monday June 11, 2018",1333,17 2 8 64 65 6 60 ,supiri-vasana
"Saturday June 09, 2018",1332,10 25 41 42 53 11 31 ,supiri-vasana
"Monday June 04, 2018",1331,17 3 28 43 48 15 63 ,supiri-vasana
"Saturday June 02, 2018",1330,16 22 33 45 48 23 63 ,supiri-vasana
"Monday May 28, 2018",1329,15 16 28 34 56 69 42 ,supiri-vasana
"Saturday May 26, 2018",1328,24 14 32 49 52 28 47 ,supiri-vasana
"Saturday July 01, 2017",749,R 05 8 5 0 5 7 ,jathika-sampatha
"Wednesday June 28, 2017",748,J 06 6 5 1 4 6 ,jathika-sampatha
"Saturday June 24, 2017",747,X 02 5 3 0 1 7 ,jathika-sampatha
"Wednesday June 21, 2017",746,U 06 7 7 0 9 0 ,jathika-sampatha
"Saturday June 17, 2017",745,X 06 9 3 6 6 7 ,jathika-sampatha
"Wednesday June 14, 2017",744,S 09 8 1 2 7 9 ,jathika-sampatha
"Saturday June 10, 2017",743,W 07 6 5 1 3 5 ,jathika-sampatha
"Wednesday June 07, 2017",742,K 08 1 0 2 0 9 ,jathika-sampatha
"Saturday June 03, 2017",741,X 01 4 1 9 1 1 ,jathika-sampatha
"Wednesday May 23, 2018",1327,23 19 45 49 65 10 66 ,supiri-vasana
"Saturday May 19, 2018",1326,7 17 20 21 28 54 67 ,supiri-vasana
"Wednesday May 16, 2018",1325,20 11 24 31 43 1 19 ,supiri-vasana
"Saturday May 12, 2018",1324,18 7 24 35 37 30 50 ,supiri-vasana
"Wednesday May 09, 2018",1323,10 15 28 53 55 47 18 ,supiri-vasana
"Saturday May 05, 2018",1322,16 7 12 18 19 26 65 ,supiri-vasana
"Wednesday May 02, 2018",1321,16 3 11 22 60 10 45 ,supiri-vasana
"Saturday April 28, 2018",1320,9 1 17 23 25 34 30 ,supiri-vasana
"Wednesday April 25, 2018",1319,17 15 27 49 66 48 17 ,supiri-vasana
"Saturday April 21, 2018",1318,23 7 53 55 56 29 26 ,supiri-vasana
"Wednesday April 18, 2018",1317,7 12 13 41 65 47 51 ,supiri-vasana
"Wednesday April 11, 2018",1316,01 01 36 47 59 64 57 ,supiri-vasana
"Saturday April 07, 2018",1315,18 37 43 55 67 7 13 ,supiri-vasana
"Wednesday April 04, 2018",1314,02 12 21 36 55 64 65 ,supiri-vasana
"Saturday March 31, 2018",1313,8 5 24 46 53 26 57 ,supiri-vasana
"Wednesday March 28, 2018",1312,18 35 41 44 61 13 67 ,supiri-vasana
"Saturday March 24, 2018",1311,6 38 53 54 63 24 69 ,supiri-vasana
"Wednesday March 21, 2018",1310,2 3 32 59 61 45 36 ,supiri-vasana
"Saturday March 17, 2018",1309,26 20 32 39 55 30 17 ,supiri-vasana
"Wednesday March 14, 2018",1308,11 15 16 32 50 54 48 ,supiri-vasana
"Saturday March 10, 2018",1307,11 32 52 58 60 7 16 ,supiri-vasana
"Wednesday March 07, 2018",1306,25 7 20 34 65 10 6 ,supiri-vasana
"Saturday March 03, 2018",1305,6 6 7 10 26 24 60 ,supiri-vasana
"Wednesday February 28, 2018",1304,14 19 35 56 60 53 49 ,supiri-vasana
"Saturday February 24, 2018",1303,22 22 27 28 66 34 56 ,supiri-vasana
"Wednesday February 21, 2018",1302,14 05 19 64 69 16 24 ,supiri-vasana
"Friday May 18, 2018",817,B 10 13 26 29 36 37 46 ,sampath-rekha
"Friday May 11, 2018",816,J 02 28 45 68 64 17 45 ,sampath-rekha
"Friday May 04, 2018",815,W 19 38 47 54 43 45 89 ,sampath-rekha
"Friday April 27, 2018",814,F 44 52 68 69 5 14 84 ,sampath-rekha
"Friday April 20, 2018",813,E 23 26 52 69 62 32 90 ,sampath-rekha
"Saturday February 17, 2018",1301,6 3 12 16 23 56 38 ,supiri-vasana
"Wednesday February 14, 2018",1300,6 17 43 48 62 ,supiri-vasana
"Saturday February 10, 2018",1299,19 12 24 66 67 ,supiri-vasana
"Wednesday February 07, 2018",1298,14 13 45 51 58 ,supiri-vasana
"Saturday February 03, 2018",1297,22 3 5 45 62 ,supiri-vasana
"Wednesday January 31, 2018",1296,16 4 16 17 36 ,supiri-vasana
"Saturday January 27, 2018",1295,5 13 39 52 55 ,supiri-vasana
"Wednesday January 24, 2018",1294,23 3 28 47 71 ,supiri-vasana
"Saturday January 20, 2018",1293,20 12 41 47 69 ,supiri-vasana
"Wednesday January 17, 2018",1292,12 30 41 60 64 ,supiri-vasana
"Saturday January 13, 2018",1291,9 11 22 25 64 ,supiri-vasana
"Wednesday January 10, 2018",1290,19 2 8 26 54 ,supiri-vasana
"Saturday January 06, 2018",1289,5 43 50 62 67 ,supiri-vasana
"Wednesday January 03, 2018",1288,14 5 19 37 49 ,supiri-vasana
"Saturday December 30, 2017",1287,22 14 30 38 45 ,supiri-vasana
"Wednesday December 27, 2017",1286,25 13 57 64 70 ,supiri-vasana
"Saturday December 23, 2017",1285,13 13 32 33 68 ,supiri-vasana
"Wednesday December 20, 2017",1284,23 2 56 57 64 ,supiri-vasana
"Saturday December 16, 2017",1283,19 33 46 49 56 ,supiri-vasana
"Wednesday December 13, 2017",1282,16 13 14 22 52 ,supiri-vasana
"Saturday December 09, 2017",1281,7 5 23 33 46 ,supiri-vasana
"Wednesday December 06, 2017",1280,20 39 42 55 56 ,supiri-vasana
"Saturday December 02, 2017",1279,6 9 26 44 45 ,supiri-vasana
"Wednesday November 29, 2017",1278,08 04 21 52 58 ,supiri-vasana
"Friday April 06, 2018",812,B 9 33 34 40 21 63 68 ,sampath-rekha
"Friday March 30, 2018",811,V 29 33 55 56 52 55 83 ,sampath-rekha
"Friday March 23, 2018",810,B 11 16 50 59 6 20 80 ,sampath-rekha
"Friday March 16, 2018",809,L 17 30 57 59 26 4 32 ,sampath-rekha
"Friday March 09, 2018",808,L 24 28 41 64 33 48 62 ,sampath-rekha
"Friday March 02, 2018",807,Z 13 30 34 41 10 85 16 ,sampath-rekha
"Friday February 23, 2018",806,N 24 46 51 63 27 2 6 ,sampath-rekha
"Friday February 16, 2018",805,N 3 12 32 45 6 43 46 ,sampath-rekha
"Friday February 09, 2018",804,M 01 42 67 69 21 13 46 ,sampath-rekha
"Friday February 02, 2018",803,W 10 27 49 69 56 35 46 ,sampath-rekha
"Friday January 26, 2018",802,Z 4 36 41 59 31 16 67 ,sampath-rekha
"Friday January 19, 2018",801,G 22 25 69 70 18 31 69 ,sampath-rekha
"Friday January 12, 2018",800,F 12 27 39 44 07 25 59 ,sampath-rekha
"Friday January 05, 2018",799,E 1 4 18 54 24 7 79 ,sampath-rekha
"Sunday December 31, 2017",798,T 18 24 39 61 44 42 68 ,sampath-rekha
"Friday December 29, 2017",797,P 02 15 21 52 70 40 74 ,sampath-rekha
"Tuesday December 26, 2017",796,A 23 29 48 67 04 54 56 ,sampath-rekha
"Sunday December 24, 2017",795,C 11 23 43 46 17 25 38 ,sampath-rekha
"Friday December 22, 2017",794,B 3 12 29 63 45 60 63 ,sampath-rekha
"Tuesday December 19, 2017",793,P 39 42 56 62 36 45 78 ,sampath-rekha
"Sunday December 17, 2017",792,H 33 55 58 65 22 27 71 ,sampath-rekha
"Friday December 15, 2017",791,L 12 22 28 40 65 43 44 ,sampath-rekha
"Tuesday December 12, 2017",790,R 21 35 37 40 32 19 47 ,sampath-rekha
"Sunday December 10, 2017",789,J 20 36 37 56 63 42 83 ,sampath-rekha
"Friday December 08, 2017",788,K 9 22 34 41 26 66 77 ,sampath-rekha
"Saturday November 25, 2017",1277,20 1 4 43 48 ,supiri-vasana
"Wednesday November 22, 2017",1276,07 03 37 41 61 ,supiri-vasana
"Saturday November 18, 2017",1275,14 3 14 21 37 ,supiri-vasana
"Wednesday November 15, 2017",1274,4 5 15 25 53 ,supiri-vasana
"Saturday November 11, 2017",1273,17 05 32 42 63 ,supiri-vasana
"Wednesday November 08, 2017",1272,17 1 13 27 47 ,supiri-vasana
"Saturday November 04, 2017",1271,7 44 48 67 69 ,supiri-vasana
"Wednesday November 01, 2017",1270,08 09 14 49 67 ,supiri-vasana
"Saturday October 28, 2017",1269,1 10 40 63 71 ,supiri-vasana
"Wednesday October 25, 2017",1268,2 13 14 50 62 ,supiri-vasana
"Saturday October 21, 2017",1267,5 8 17 32 58 ,supiri-vasana
"Wednesday October 18, 2017",1266,6 9 10 30 32 ,supiri-vasana
"Saturday October 14, 2017",1265,11 10 17 26 43 ,supiri-vasana
"Wednesday October 11, 2017",1264,23 9 38 43 55 ,supiri-vasana
"Saturday October 07, 2017",1263,4 2 3 9 56 ,supiri-vasana
"Wednesday October 04, 2017",1262,15 4 15 33 28 ,supiri-vasana
"Saturday September 30, 2017",1261,6 11 23 42 49 ,supiri-vasana
"Wednesday September 27, 2017",1260,7 11 19 34 66 ,supiri-vasana
"Saturday September 23, 2017",1259,11 15 43 44 56 ,supiri-vasana
"Wednesday September 20, 2017",1258,14 17 35 44 58 ,supiri-vasana
"Saturday September 16, 2017",1257,09 09 54 55 65 ,supiri-vasana
"Wednesday September 13, 2017",1256,7 6 7 20 40 ,supiri-vasana
"Saturday September 09, 2017",1255,14 13 25 48 68 ,supiri-vasana
"Wednesday September 06, 2017",1254,7 8 22 49 66 ,supiri-vasana
"Saturday September 02, 2017",1253,16 2 4 29 31 ,supiri-vasana
"Tuesday December 05, 2017",787,E 11 30 54 58 33 43 56 ,sampath-rekha
"Sunday December 03, 2017",786,X 11 39 42 43 44 56 91 ,sampath-rekha
"Friday December 01, 2017",785,A 27 30 45 64 33 6 58 ,sampath-rekha
"Tuesday November 28, 2017",784,P 33 47 56 58 42 09 52 ,sampath-rekha
"Sunday November 26, 2017",783,S 12 15 17 68 54 36 37 ,sampath-rekha
"Friday November 24, 2017",782,T 24 31 53 62 21 67 89 ,sampath-rekha
"Tuesday November 21, 2017",781,Y 03 27 34 63 48 37 46 ,sampath-rekha
"Sunday November 19, 2017",780,Q 03 12 35 65 09 20 23 ,sampath-rekha
"Friday November 17, 2017",779,T 25 33 41 57 30 16 73 ,sampath-rekha
"Tuesday November 14, 2017",778,O 6 26 46 67 14 17 59 ,sampath-rekha
"Sunday November 12, 2017",777,O 36 39 48 56 49 21 59 ,sampath-rekha
"Friday November 10, 2017",776,F 10 21 24 54 58 55 90 ,sampath-rekha
"Tuesday November 07, 2017",775,Y 14 23 52 67 02 24 28 ,sampath-rekha
"Sunday November 05, 2017",774,M 36 45 65 21 61 84 ,sampath-rekha
"Friday November 03, 2017",773,Q 13 40 46 68 58 8 63 ,sampath-rekha
"Tuesday October 31, 2017",772,R 06 07 39 52 43 20 33 ,sampath-rekha
"Sunday October 29, 2017",771,E 03 15 31 58 19 43 64 ,sampath-rekha
"Friday October 27, 2017",770,Z 5 24 55 71 47 16 34 ,sampath-rekha
"Tuesday October 24, 2017",769,F 25 32 42 64 58 52 80 ,sampath-rekha
"Sunday October 22, 2017",768,R 7 57 64 68 15 64 76 ,sampath-rekha
"Friday October 20, 2017",767,Z 1 39 64 66 20 41 69 ,sampath-rekha
"Tuesday October 17, 2017",766,Q 11 18 61 68 70 21 66 ,sampath-rekha
"Sunday October 15, 2017",765,G 19 45 59 67 07 05 17 ,sampath-rekha
"Friday October 13, 2017",764,K 4 5 8 31 20 20 87 ,sampath-rekha
"Tuesday October 10, 2017",763,J 12 16 50 56 15 49 53 ,sampath-rekha
"Sunday October 08, 2017",762,O 06 18 43 49 65 05 23 ,sampath-rekha
"Wednesday August 30, 2017",1252,7 2 52 53 65 ,supiri-vasana
"Saturday August 26, 2017",1251,11 4 10 29 43 ,supiri-vasana
"Wednesday August 23, 2017",1250,2 18 26 40 49 ,supiri-vasana
"Saturday August 19, 2017",1249,5 2 9 39 49 ,supiri-vasana
"Wednesday August 16, 2017",1248,24 8 17 49 62 ,supiri-vasana
"Saturday August 12, 2017",1247,10 31 52 54 61 ,supiri-vasana
"Wednesday August 09, 2017",1246,21 13 15 36 55 ,supiri-vasana
"Saturday August 05, 2017",1245,8 3 28 39 53 ,supiri-vasana
"Wednesday August 02, 2017",1244,20 8 12 27 71 ,supiri-vasana
"Saturday July 29, 2017",1243,7 14 18 57 64 ,supiri-vasana
"Wednesday July 26, 2017",1242,6 9 13 23 68 ,supiri-vasana
"Saturday July 22, 2017",1241,17 27 39 52 64 ,supiri-vasana
"Wednesday July 19, 2017",1240,18 8 10 29 71 ,supiri-vasana
"Saturday July 15, 2017",1239,12 31 39 44 68 ,supiri-vasana
"Wednesday July 12, 2017",1238,23 2 18 33 50 ,supiri-vasana
"Saturday July 08, 2017",1237,20 1 4 26 53 ,supiri-vasana
"Wednesday July 05, 2017",1236,10 17 49 50 65 ,supiri-vasana
"Saturday July 01, 2017",1235,4 1 25 58 66 ,supiri-vasana
"Wednesday June 28, 2017",1234,25 14 20 53 61 ,supiri-vasana
"Saturday June 24, 2017",1233,05 25 32 47 68 ,supiri-vasana
"Wednesday June 21, 2017",1232,22 12 13 30 41 ,supiri-vasana
"Saturday June 17, 2017",1231,14 10 20 45 64 ,supiri-vasana
"Wednesday June 14, 2017",1230,11 16 52 57 65 ,supiri-vasana
"Saturday June 10, 2017",1229,16 19 31 33 35 ,supiri-vasana
"Wednesday June 07, 2017",1228,2 19 35 37 39 ,supiri-vasana
"Saturday June 03, 2017",1227,3 10 42 46 63 ,supiri-vasana
"Friday October 06, 2017",761,B 10 34 69 70 29 59 84 ,sampath-rekha
"Tuesday October 03, 2017",760,P 26 40 43 52 02 62 85 ,sampath-rekha
"Sunday October 01, 2017",759,Y 04 08 60 64 45 46 61 ,sampath-rekha
"Friday September 29, 2017",758,Z 3 15 20 68 24 20 62 ,sampath-rekha
"Tuesday September 26, 2017",757,N 14 18 37 44 02 11 44 ,sampath-rekha
"Sunday September 24, 2017",756,Q 5 45 68 71 10 10 69 ,sampath-rekha
"Friday September 22, 2017",755,P 25 35 36 51 29 49 75 ,sampath-rekha
"Tuesday September 19, 2017",754,V 23 24 54 70 15 20 88 ,sampath-rekha
"Sunday September 17, 2017",753,I 11 14 32 54 16 12 77 ,sampath-rekha
"Friday September 15, 2017",752,H 32 41 48 70 14 35 69 ,sampath-rekha
"Tuesday September 12, 2017",751,T 13 14 18 26 30 05 18 ,sampath-rekha
"Sunday September 10, 2017",750,Z 20 35 45 49 67 45 52 ,sampath-rekha
"Friday September 08, 2017",749,D 25 47 54 62 9 81 84 ,sampath-rekha
"Tuesday September 05, 2017",748,K 04 10 34 36 08 34 38 ,sampath-rekha
"Sunday September 03, 2017",747,L 13 23 33 63 70 03 71 ,sampath-rekha
"Friday September 01, 2017",746,K 11 26 62 68 34 24 57 ,sampath-rekha
"Tuesday August 29, 2017",745,T 13 15 17 51 33 68 70 ,sampath-rekha
"Sunday August 27, 2017",744,Z 02 18 22 53 38 31 56 ,sampath-rekha
"Friday August 25, 2017",743,A 13 17 29 34 46 36 55 ,sampath-rekha
"Tuesday August 22, 2017",742,I 32 46 49 64 35 51 85 ,sampath-rekha
"Sunday August 20, 2017",741,X 13 17 49 61 70 08 74 ,sampath-rekha
"Friday August 18, 2017",740,J 5 31 39 55 62 2 42 ,sampath-rekha
"Tuesday August 15, 2017",739,R 19 20 48 59 63 39 71 ,sampath-rekha
"Sunday August 13, 2017",738,N 3 19 23 64 66 23 51 ,sampath-rekha
"Friday August 11, 2017",737,O 4 16 20 64 25 43 54 ,sampath-rekha
"Tuesday August 08, 2017",736,H 27 33 47 66 5 ,sampath-rekha
"Sunday August 06, 2017",735,D 36 46 47 54 8 ,sampath-rekha
"Monday June 11, 2018",238,I 17 7 15 72 79 ,mega-power
"Friday June 08, 2018",237,J 16 2 10 13 36 ,mega-power
"Wednesday June 06, 2018",236,J 3 4 16 19 69 ,mega-power
"Monday June 04, 2018",235,Y 5 1 14 32 60 ,mega-power
"Friday June 01, 2018",234,O 25 20 53 68 71 ,mega-power
"Wednesday May 30, 2018",233,W 22 13 22 25 61 ,mega-power
"Monday May 28, 2018",232,F 7 49 64 66 70 ,mega-power
"Friday May 25, 2018",231,Z 20 48 50 56 57 ,mega-power
"Friday August 04, 2017",734,P 6 38 39 60 25 ,sampath-rekha
"Tuesday August 01, 2017",733,Q 10 50 56 58 67 ,sampath-rekha
"Sunday July 30, 2017",732,A 20 54 60 61 9 ,sampath-rekha
"Friday July 28, 2017",731,T 5 42 49 64 55 ,sampath-rekha
"Tuesday July 25, 2017",730,I 12 29 34 57 25 ,sampath-rekha
"Sunday July 23, 2017",729,S 23 31 37 41 03 ,sampath-rekha
"Friday July 21, 2017",728,J 4 21 28 29 50 ,sampath-rekha
"Tuesday July 18, 2017",727,A 08 27 32 48 25 ,sampath-rekha
"Sunday July 16, 2017",726,C 22 34 38 57 17 ,sampath-rekha
"Friday July 14, 2017",725,A 4 34 47 53 50 ,sampath-rekha
"Tuesday July 11, 2017",724,W 02 05 22 27 06 ,sampath-rekha
"Sunday July 09, 2017",723,R 01 04 21 33 44 ,sampath-rekha
"Friday July 07, 2017",722,J 9 17 29 63 35 ,sampath-rekha
"Tuesday July 04, 2017",721,D 03 11 30 49 10 ,sampath-rekha
"Sunday July 02, 2017",720,J 05 13 19 21 30 ,sampath-rekha
"Friday June 30, 2017",719,J 1 53 62 65 11 ,sampath-rekha
"Tuesday June 27, 2017",718,M 04 05 28 48 66 ,sampath-rekha
"Sunday June 25, 2017",717,W 21 46 58 62 33 ,sampath-rekha
"Friday June 23, 2017",716,U 7 8 25 31 40 ,sampath-rekha
"Tuesday June 20, 2017",715,V 03 10 32 36 06 ,sampath-rekha
"Sunday June 18, 2017",714,E 34 39 41 45 57 ,sampath-rekha
"Friday June 16, 2017",713,Z 06 18 37 45 64 ,sampath-rekha
"Tuesday June 13, 2017",712,P 17 36 38 43 52 ,sampath-rekha
"Sunday June 11, 2017",711,Z 05 23 33 59 01 ,sampath-rekha
"Friday June 09, 2017",710,E 1 11 36 43 58 ,sampath-rekha
"Wednesday May 23, 2018",230,J 1 4 7 8 19 ,mega-power
"Monday May 21, 2018",229,O 3 7 22 29 59 ,mega-power
"Friday May 18, 2018",228,T 4 17 32 54 66 ,mega-power
"Wednesday May 16, 2018",227,Q 22 44 55 77 79 ,mega-power
"Monday May 14, 2018",226,T 16 6 15 24 30 ,mega-power
"Friday May 11, 2018",225,J 07 18 30 47 58 ,mega-power
"Wednesday May 09, 2018",224,F 6 21 22 23 73 ,mega-power
"Monday May 07, 2018",223,D 7 11 30 60 76 ,mega-power
"Friday May 04, 2018",222,U 13 19 41 45 48 ,mega-power
"Wednesday May 02, 2018",221,O 15 12 35 39 43 ,mega-power
"Friday April 27, 2018",220,H 26 25 34 55 57 ,mega-power
"Wednesday April 25, 2018",219,Y 18 1 36 40 69 ,mega-power
"Monday April 23, 2018",218,D 8 34 39 56 73 ,mega-power
"Friday April 20, 2018",217,U 10 01 26 54 57 ,mega-power
"Wednesday April 18, 2018",216,G 19 8 13 74 77 ,mega-power
"Wednesday April 11, 2018",215,U 05 49 59 63 76 ,mega-power
"Monday April 09, 2018",214,P 23 12 36 62 70 ,mega-power
"Friday April 06, 2018",213,L 23 10 14 34 52 1 5 9 9 8 ,mega-power
"Wednesday April 04, 2018",212,Q 21 30 54 66 76 ,mega-power
"Monday April 02, 2018",211,B 19 14 23 58 67 ,mega-power
"Friday March 30, 2018",210,M 18 16 37 46 51 ,mega-power
"Wednesday March 28, 2018",209,B 21 24 44 47 60 ,mega-power
"Monday March 26, 2018",208,N 13 47 50 51 54 ,mega-power
"Friday March 23, 2018",207,F 23 32 50 59 76 ,mega-power
"Wednesday March 21, 2018",206,F 20 36 50 64 80 ,mega-power
"Monday March 19, 2018",205,N 05 10 16 29 66 ,mega-power
"Friday March 16, 2018",204,I 21 16 24 58 69 ,mega-power
"Wednesday March 14, 2018",203,V 24 41 62 63 72 ,mega-power
"Monday March 12, 2018",202,Z 8 26 37 41 54 ,mega-power
"Tuesday June 06, 2017",709,O 03 21 62 63 06 ,sampath-rekha
"Sunday June 04, 2017",708,O 05 38 54 56 67 ,sampath-rekha
"Friday June 02, 2017",707,S 13 15 55 65 22 ,sampath-rekha
"Tuesday June 12, 2018",3678,S 1 3 5 0 1 5 ,mahajana-sampatha
"Friday March 09, 2018",201,T 01 22 42 59 60 ,mega-power
"Wednesday March 07, 2018",200,J 25 16 17 20 37 ,mega-power
"Monday March 05, 2018",199,X 21 15 38 44 54 ,mega-power
"Friday March 02, 2018",198,M 9 53 59 62 71 ,mega-power
"Wednesday February 28, 2018",197,C 26 6 13 60 76 ,mega-power
"Monday February 26, 2018",196,A 1 4 13 23 45 ,mega-power
"Friday February 23, 2018",195,G 25 20 36 50 61 ,mega-power
"Wednesday February 21, 2018",194,A 21 37 42 48 71 ,mega-power
"Monday February 19, 2018",193,G 4 26 61 72 77 ,mega-power
"Friday February 16, 2018",192,J 21 1 21 31 64 ,mega-power
"Wednesday February 14, 2018",191,M 16 1 22 61 64 ,mega-power
"Monday February 12, 2018",190,V 4 12 53 60 62 ,mega-power
"Friday February 09, 2018",189,N 14 57 59 60 74 ,mega-power
"Wednesday February 07, 2018",188,Z 23 2 44 47 67 ,mega-power
"Monday February 05, 2018",187,E 14 10 14 62 80 ,mega-power
"Friday February 02, 2018",186,F 24 5 12 29 61 ,mega-power
"Wednesday January 31, 2018",185,G 8 23 39 76 78 ,mega-power
"Monday January 29, 2018",184,I 19 06 13 24 42 ,mega-power
"Friday January 26, 2018",183,P 3 7 10 19 24 ,mega-power
"Wednesday January 24, 2018",182,R 6 1 5 36 45 ,mega-power
"Monday January 22, 2018",181,O 16 08 09 37 77 ,mega-power
"Friday January 19, 2018",180,X 9 7 17 25 77 ,mega-power
"Wednesday January 17, 2018",179,A 17 11 45 75 76 ,mega-power
"Monday January 15, 2018",178,Z 15 01 15 49 50 ,mega-power
"Sunday January 21, 2018",32,G 7 7 1 7 ,airport-super-draw
"Monday June 11, 2018",3677,P 6 8 7 9 9 1 ,mahajana-sampatha
"Sunday June 10, 2018",3676,K 3 5 2 8 6 5 ,mahajana-sampatha
"Friday June 08, 2018",3675,C 3 7 5 6 2 2 ,mahajana-sampatha
"Thursday June 07, 2018",3674,F 2 2 1 3 7 2 ,mahajana-sampatha
"Tuesday June 05, 2018",3673,Y 0 8 9 7 4 3 ,mahajana-sampatha
"Monday June 04, 2018",3672,Y 5 8 0 2 2 6 ,mahajana-sampatha
"Sunday June 03, 2018",3671,W 9 9 2 1 2 7 ,mahajana-sampatha
"Friday June 01, 2018",3670,U 2 2 8 2 8 8 ,mahajana-sampatha
"Thursday May 31, 2018",3669,D 6 5 8 8 0 6 ,mahajana-sampatha
"Tuesday May 29, 2018",3668,K 7 2 0 0 6 0 ,mahajana-sampatha
"Monday May 28, 2018",3667,W 6 9 3 6 1 0 ,mahajana-sampatha
"Sunday May 27, 2018",3666,Y 5 7 2 0 0 4 ,mahajana-sampatha
"Friday May 25, 2018",3665,H 2 6 1 2 4 6 ,mahajana-sampatha
"Thursday May 24, 2018",3664,H 0 5 5 7 3 8 ,mahajana-sampatha
"Tuesday May 22, 2018",3663,D 4 6 8 5 6 8 ,mahajana-sampatha
"Monday May 21, 2018",3662,F 4 3 6 1 6 2 ,mahajana-sampatha
"Sunday May 20, 2018",3661,E 8 9 8 6 8 7 ,mahajana-sampatha
"Friday May 18, 2018",3660,F 4 9 5 3 2 7 ,mahajana-sampatha
"Thursday May 17, 2018",3659,K 5 6 4 6 8 6 ,mahajana-sampatha
"Tuesday May 15, 2018",3658,O 2 2 1 7 7 8 ,mahajana-sampatha
"Monday May 14, 2018",3657,A 4 0 1 5 6 4 ,mahajana-sampatha
"Sunday May 13, 2018",3656,A 1 5 0 4 2 9 ,mahajana-sampatha
"Friday May 11, 2018",3655,V 1 6 9 8 8 5 ,mahajana-sampatha
"Thursday May 10, 2018",3654,S 5 7 7 6 2 0 ,mahajana-sampatha
"Tuesday May 08, 2018",3653,Y 7 4 2 3 7 0 ,mahajana-sampatha
"Monday May 07, 2018",3652,D 9 3 3 7 7 2 ,mahajana-sampatha
"Sunday May 06, 2018",3651,P 3 0 1 7 6 6 ,mahajana-sampatha
"Friday January 12, 2018",177,S 19 09 24 28 52 ,mega-power
"Wednesday January 10, 2018",176,R 23 16 47 64 70 ,mega-power
"Monday January 08, 2018",175,I 3 23 69 72 79 ,mega-power
"Friday January 05, 2018",174,Z 23 6 42 51 74 ,mega-power
"Wednesday January 03, 2018",173,M 9 3 33 41 60 ,mega-power
"Monday January 01, 2018",172,M 25 14 67 74 76 ,mega-power
"Wednesday December 27, 2017",171,G 10 21 27 56 70 ,mega-power
"Monday December 25, 2017",170,W 14 4 10 35 40 ,mega-power
"Wednesday December 20, 2017",169,A 12 16 56 72 79 ,mega-power
"Monday December 18, 2017",168,K 18 1 16 59 66 ,mega-power
"Wednesday December 13, 2017",167,Z 25 35 50 67 71 ,mega-power
"Monday December 11, 2017",166,P 04 20 26 27 72 ,mega-power
"Wednesday December 06, 2017",165,Y 14 31 40 43 62 ,mega-power
"Monday December 04, 2017",164,Y 19 7 54 73 79 ,mega-power
"Wednesday November 29, 2017",163,R 16 35 44 64 75 ,mega-power
"Monday November 27, 2017",162,E 1 16 19 47 49 ,mega-power
"Wednesday November 22, 2017",161,T 21 09 22 44 75 ,mega-power
"Monday November 20, 2017",160,P 22 31 42 56 79 ,mega-power
"Wednesday November 15, 2017",159,V 25 14 19 44 63 ,mega-power
"Monday November 13, 2017",158,O 24 26 32 44 56 ,mega-power
"Wednesday November 08, 2017",157,O 12 46 63 71 80 ,mega-power
"Monday November 06, 2017",156,I 18 1 45 52 71 ,mega-power
"Wednesday November 01, 2017",155,M 19 14 45 53 64 ,mega-power
"Monday October 30, 2017",154,W 6 22 35 39 65 ,mega-power
"Wednesday October 25, 2017",153,M 5 37 65 68 76 ,mega-power
"Monday October 23, 2017",152,B 26 27 29 47 80 ,mega-power
"Wednesday October 18, 2017",151,N 18 6 11 39 59 ,mega-power
"Friday May 04, 2018",3650,J 1 4 3 6 1 9 ,mahajana-sampatha
"Thursday May 03, 2018",3649,R 7 7 8 4 5 2 ,mahajana-sampatha
"Tuesday May 01, 2018",3648,S 7 6 0 8 3 5 ,mahajana-sampatha
"Friday April 27, 2018",3647,Z 5 7 4 1 4 4 ,mahajana-sampatha
"Thursday April 26, 2018",3646,E 2 6 6 3 3 7 ,mahajana-sampatha
"Tuesday April 24, 2018",3645,V 3 3 6 3 3 7 ,mahajana-sampatha
"Monday April 23, 2018",3644,W 8 9 7 3 8 9 ,mahajana-sampatha
"Sunday April 22, 2018",3643,H 8 7 4 0 2 9 ,mahajana-sampatha
"Friday April 20, 2018",3642,N 4 5 2 2 8 5 ,mahajana-sampatha
"Thursday April 19, 2018",3641,M 5 9 1 7 9 2 ,mahajana-sampatha
"Thursday April 12, 2018",3640,G 5 9 2 7 4 5 ,mahajana-sampatha
"Tuesday April 10, 2018",3639,G 9 3 4 4 9 4 ,mahajana-sampatha
"Monday April 09, 2018",3638,Z 7 4 6 1 1 9 ,mahajana-sampatha
"Sunday April 08, 2018",3637,R 2 7 1 0 4 8 ,mahajana-sampatha
"Friday April 06, 2018",3636,L 4 5 7 8 7 8 ,mahajana-sampatha
"Thursday April 05, 2018",3635,Z 2 0 0 4 1 0 ,mahajana-sampatha
"Tuesday April 03, 2018",3634,E 8 7 3 0 5 9 ,mahajana-sampatha
"Monday April 02, 2018",3633,F 2 2 5 2 1 4 ,mahajana-sampatha
"Sunday April 01, 2018",3632,V 4 7 5 5 0 4 ,mahajana-sampatha
"Friday March 30, 2018",3631,Y 1 3 0 4 4 1 ,mahajana-sampatha
"Thursday March 29, 2018",3630,G 9 9 6 2 7 3 ,mahajana-sampatha
"Tuesday March 27, 2018",3629,U 6 0 6 1 1 5 ,mahajana-sampatha
"Monday March 26, 2018",3628,Y 3 4 6 5 5 5 ,mahajana-sampatha
"Sunday March 25, 2018",3627,V 7 0 9 0 2 8 ,mahajana-sampatha
"Friday March 23, 2018",3626,B 0 9 9 3 3 7 ,mahajana-sampatha
"Monday October 16, 2017",150,L 10 27 48 58 69 ,mega-power
"Wednesday October 11, 2017",149,M 15 10 15 37 43 ,mega-power
"Monday October 09, 2017",148,W 9 5 12 65 75 ,mega-power
"Wednesday October 04, 2017",147,D 12 33 60 70 80 ,mega-power
"Monday October 02, 2017",146,N 25 12 18 19 24 ,mega-power
"Wednesday September 27, 2017",145,L 1 25 42 75 76 ,mega-power
"Monday September 25, 2017",144,J 16 8 22 24 74 ,mega-power
"Wednesday September 20, 2017",143,S 17 06 47 50 62 ,mega-power
"Monday September 18, 2017",142,G 01 27 50 51 73 ,mega-power
"Wednesday September 13, 2017",141,T 18 12 17 46 66 ,mega-power
"Monday September 11, 2017",140,M 14 3 34 39 78 ,mega-power
"Wednesday September 06, 2017",139,M 1 4 30 55 70 ,mega-power
"Monday September 04, 2017",138,R 06 12 69 71 80 ,mega-power
"Wednesday August 30, 2017",137,S 23 3 24 34 57 ,mega-power
"Monday August 28, 2017",136,V 23 1 6 23 49 ,mega-power
"Wednesday August 23, 2017",135,A 12 6 34 63 65 ,mega-power
"Monday August 21, 2017",134,N 20 20 31 51 61 ,mega-power
"Wednesday August 16, 2017",133,B 23 39 41 67 79 ,mega-power
"Monday August 14, 2017",132,A 20 3 48 69 72 ,mega-power
"Wednesday August 09, 2017",131,B 5 5 30 67 73 ,mega-power
"Monday August 07, 2017",130,G 15 35 53 54 69 ,mega-power
"Wednesday August 02, 2017",129,E 6 16 26 31 69 ,mega-power
"Monday July 31, 2017",128,R 20 08 44 59 61 ,mega-power
"Wednesday July 26, 2017",127,G 13 28 41 59 72 ,mega-power
"Monday July 24, 2017",126,G 2 8 20 35 61 ,mega-power
"Wednesday July 19, 2017",125,G 10 14 37 50 58 ,mega-power
"Monday July 17, 2017",124,U 9 50 52 54 80 ,mega-power
"Wednesday July 12, 2017",123,Q 17 2 18 22 54 ,mega-power
"Monday July 10, 2017",122,S 2 2 20 23 28 ,mega-power
"Friday December 29, 2017",5,6 18 41 44 29 ,special
"Thursday March 22, 2018",3625,V 6 8 0 5 7 9 ,mahajana-sampatha
"Tuesday March 20, 2018",3624,U 3 0 2 9 9 1 ,mahajana-sampatha
"Monday March 19, 2018",3623,P 7 2 6 8 5 2 ,mahajana-sampatha
"Sunday March 18, 2018",3622,X 8 5 1 6 1 0 ,mahajana-sampatha
"Friday March 16, 2018",3621,B 6 3 0 4 3 4 ,mahajana-sampatha
"Thursday March 15, 2018",3620,Z 5 5 1 0 2 8 ,mahajana-sampatha
"Tuesday March 13, 2018",3619,C 2 7 4 3 4 2 ,mahajana-sampatha
"Monday March 12, 2018",3618,P 5 2 7 0 5 7 ,mahajana-sampatha
"Sunday March 11, 2018",3617,E 6 9 3 0 4 6 ,mahajana-sampatha
"Friday March 09, 2018",3616,E 7 6 7 4 0 2 ,mahajana-sampatha
"Thursday March 08, 2018",3615,L 9 7 5 9 0 6 ,mahajana-sampatha
"Tuesday March 06, 2018",3614,O 5 1 6 4 7 0 ,mahajana-sampatha
"Monday March 05, 2018",3613,V 6 6 4 0 9 4 ,mahajana-sampatha
"Sunday March 04, 2018",3612,R 0 1 4 8 6 4 ,mahajana-sampatha
"Friday March 02, 2018",3611,K 2 4 0 3 4 0 ,mahajana-sampatha
"Thursday March 01, 2018",3610,Q 6 5 7 6 1 2 ,mahajana-sampatha
"Tuesday February 27, 2018",3609,D 8 4 8 5 1 0 ,mahajana-sampatha
"Monday February 26, 2018",3608,N 5 2 1 0 2 3 ,mahajana-sampatha
"Sunday February 25, 2018",3607,D 1 9 4 5 2 7 ,mahajana-sampatha
"Friday February 23, 2018",3606,H 6 6 0 7 1 9 ,mahajana-sampatha
"Thursday February 22, 2018",3605,H 7 2 8 2 7 5 ,mahajana-sampatha
"Tuesday February 20, 2018",3604,O 4 8 0 7 3 3 ,mahajana-sampatha
"Monday February 19, 2018",3603,Q 8 4 5 5 6 3 ,mahajana-sampatha
"Sunday February 18, 2018",3602,K 5 1 4 1 9 5 ,mahajana-sampatha
"Friday February 16, 2018",3601,S 6 4 8 3 0 9 ,mahajana-sampatha
"Wednesday July 05, 2017",121,T 9 15 36 47 72 ,mega-power
"Monday July 03, 2017",120,F 4 1 27 39 67 ,mega-power
"Wednesday June 28, 2017",119,L 12 10 40 48 74 ,mega-power
"Monday June 26, 2017",118,K 16 37 51 72 78 ,mega-power
"Wednesday June 21, 2017",117,D 17 17 28 47 66 ,mega-power
"Monday June 19, 2017",116,P 3 1 20 25 50 ,mega-power
"Wednesday June 14, 2017",115,C 21 16 21 60 67 ,mega-power
"Monday June 12, 2017",114,N 18 2 9 29 77 ,mega-power
"Wednesday June 07, 2017",113,Z 25 10 19 25 31 ,mega-power
"Monday June 05, 2017",112,U 22 22 30 40 75 ,mega-power
"Thursday February 15, 2018",3600,X 2 2 2 1 6 6 ,mahajana-sampatha
"Tuesday February 13, 2018",3599,G 3 3 9 2 5 6 ,mahajana-sampatha
"Monday February 12, 2018",3598,H 0 0 2 7 9 9 ,mahajana-sampatha
"Sunday February 11, 2018",3597,R 7 1 0 0 8 4 ,mahajana-sampatha
"Friday February 09, 2018",3596,N 4 7 8 7 5 2 ,mahajana-sampatha
"Thursday February 08, 2018",3595,W 5 5 4 6 6 1 ,mahajana-sampatha
"Tuesday February 06, 2018",3594,F 8 2 8 2 3 8 ,mahajana-sampatha
"Monday February 05, 2018",3593,B 1 4 6 3 8 2 ,mahajana-sampatha
"Sunday February 04, 2018",3592,C 0 9 8 2 8 7 ,mahajana-sampatha
"Friday February 02, 2018",3591,Q 6 4 5 7 4 6 ,mahajana-sampatha
"Thursday February 01, 2018",3590,V 3 5 4 0 3 7 ,mahajana-sampatha
"Tuesday January 30, 2018",3589,E 6 6 2 9 9 1 ,mahajana-sampatha
"Monday January 29, 2018",3588,W 0 8 8 5 2 4 ,mahajana-sampatha
"Sunday January 28, 2018",3587,M 8 4 0 0 5 5 ,mahajana-sampatha
"Friday January 26, 2018",3586,O 2 4 2 4 8 8 ,mahajana-sampatha
"Thursday January 25, 2018",3585,L 5 5 4 0 5 5 ,mahajana-sampatha
"Tuesday January 23, 2018",3584,G 3 5 4 4 1 2 ,mahajana-sampatha
"Monday January 22, 2018",3583,S 0 0 0 7 0 6 ,mahajana-sampatha
"Sunday January 21, 2018",3582,F 7 2 5 4 9 9 ,mahajana-sampatha
"Friday January 19, 2018",3581,O 9 2 6 6 0 1 ,mahajana-sampatha
"Thursday January 18, 2018",3580,F 0 0 1 9 8 4 ,mahajana-sampatha
"Tuesday January 16, 2018",3579,G 4 6 0 8 0 9 ,mahajana-sampatha
"Monday January 15, 2018",3578,T 4 8 3 0 3 8 ,mahajana-sampatha
"Sunday January 14, 2018",3577,N 1 6 1 1 6 9 ,mahajana-sampatha
"Friday January 12, 2018",3576,T 3 9 9 5 5 9 ,mahajana-sampatha
"Thursday January 11, 2018",3575,S 5 2 4 6 8 8 ,mahajana-sampatha
"Tuesday January 09, 2018",3574,V 6 5 6 2 8 1 ,mahajana-sampatha
"Monday January 08, 2018",3573,R 0 9 6 2 1 4 ,mahajana-sampatha
"Sunday January 07, 2018",3572,X 0 3 5 3 4 1 ,mahajana-sampatha
"Friday January 05, 2018",3571,Q 7 7 5 0 6 8 ,mahajana-sampatha
"Thursday January 04, 2018",3570,V 6 5 3 1 7 0 ,mahajana-sampatha
"Tuesday January 02, 2018",3569,P 6 1 7 3 2 1 ,mahajana-sampatha
"Monday January 01, 2018",3568,O 4 5 2 5 1 9 ,mahajana-sampatha
"Sunday December 31, 2017",3567,A 5 9 7 3 7 7 ,mahajana-sampatha
"Friday December 29, 2017",3566,Q 9 3 3 3 1 0 ,mahajana-sampatha
"Thursday December 28, 2017",3565,E 7 9 6 3 6 8 ,mahajana-sampatha
"Tuesday December 26, 2017",3564,U 7 3 4 0 6 1 ,mahajana-sampatha
"Monday December 25, 2017",3563,K 5 7 9 9 1 3 ,mahajana-sampatha
"Sunday December 24, 2017",3562,H 7 1 6 5 7 3 ,mahajana-sampatha
"Friday December 22, 2017",3561,T 8 0 7 3 4 0 ,mahajana-sampatha
"Thursday December 21, 2017",3560,Q 1 9 7 5 0 4 ,mahajana-sampatha
"Tuesday December 19, 2017",3559,R 9 3 2 7 4 9 ,mahajana-sampatha
"Monday December 18, 2017",3558,J 7 4 3 7 2 6 ,mahajana-sampatha
"Sunday December 17, 2017",3557,L 1 4 6 8 0 4 ,mahajana-sampatha
"Friday December 15, 2017",3556,F 1 2 0 6 8 4 ,mahajana-sampatha
"Thursday December 14, 2017",3555,W 1 7 5 6 7 3 ,mahajana-sampatha
"Tuesday December 12, 2017",3554,S 3 7 0 2 6 1 ,mahajana-sampatha
"Monday December 11, 2017",3553,T 1 7 2 7 5 6 ,mahajana-sampatha
"Sunday December 10, 2017",3552,P 3 2 4 8 7 7 ,mahajana-sampatha
"Friday December 08, 2017",3551,Y 9 8 7 4 4 5 ,mahajana-sampatha
"Thursday December 07, 2017",3550,D 5 8 4 9 2 9 ,mahajana-sampatha
"Tuesday December 05, 2017",3549,A 7 2 2 4 4 0 ,mahajana-sampatha
"Monday December 04, 2017",3548,J 9 2 6 8 9 8 ,mahajana-sampatha
"Sunday December 03, 2017",3547,M 2 1 2 7 9 0 ,mahajana-sampatha
"Friday December 01, 2017",3546,A 2 5 0 4 0 1 ,mahajana-sampatha
"Thursday November 30, 2017",3545,X 0 8 4 3 7 0 ,mahajana-sampatha
"Tuesday November 28, 2017",3544,A 6 9 9 5 8 7 ,mahajana-sampatha
"Monday November 27, 2017",3543,Y 3 1 1 6 7 0 ,mahajana-sampatha
"Sunday November 26, 2017",3542,C 7 4 6 8 4 6 ,mahajana-sampatha
"Friday November 24, 2017",3541,N 4 0 4 0 0 2 ,mahajana-sampatha
"Thursday November 23, 2017",3540,K 8 2 1 7 8 7 ,mahajana-sampatha
"Tuesday November 21, 2017",3539,S 5 3 6 9 1 3 ,mahajana-sampatha
"Monday November 20, 2017",3538,V 0 3 0 9 0 6 ,mahajana-sampatha
"Sunday November 19, 2017",3537,X 5 4 6 3 8 9 ,mahajana-sampatha
"Friday November 17, 2017",3536,P 7 9 4 2 5 5 ,mahajana-sampatha
"Thursday November 16, 2017",3535,C 0 7 4 6 6 6 ,mahajana-sampatha
"Tuesday November 14, 2017",3534,P 4 9 7 4 8 3 ,mahajana-sampatha
"Monday November 13, 2017",3533,B 5 3 5 2 2 7 ,mahajana-sampatha
"Sunday November 12, 2017",3532,D 9 1 9 5 0 1 ,mahajana-sampatha
"Friday November 10, 2017",3531,D 4 1 1 8 1 4 ,mahajana-sampatha
"Thursday November 09, 2017",3530,W 5 2 9 8 7 7 ,mahajana-sampatha
"Tuesday November 07, 2017",3529,R 3 5 0 3 2 4 ,mahajana-sampatha
"Monday November 06, 2017",3528,C 2 1 2 7 9 8 ,mahajana-sampatha
"Sunday November 05, 2017",3527,H 8 8 7 7 1 5 ,mahajana-sampatha
"Friday November 03, 2017",3526,S 7 1 6 1 4 5 ,mahajana-sampatha
"Thursday November 02, 2017",3525,R 7 6 0 9 7 5 ,mahajana-sampatha
"Tuesday October 31, 2017",3524,F 3 8 4 1 8 6 ,mahajana-sampatha
"Monday October 30, 2017",3523,W 4 9 0 2 0 7 ,mahajana-sampatha
"Sunday October 29, 2017",3522,S 6 2 6 6 8 2 ,mahajana-sampatha
"Friday October 27, 2017",3521,X 1 6 9 1 4 5 ,mahajana-sampatha
"Thursday October 26, 2017",3520,H 5 8 3 6 9 1 ,mahajana-sampatha
"Tuesday October 24, 2017",3519,M 5 8 3 3 0 1 ,mahajana-sampatha
"Monday October 23, 2017",3518,F 4 9 1 4 8 2 ,mahajana-sampatha
"Sunday October 22, 2017",3517,D 4 9 8 5 8 4 ,mahajana-sampatha
"Friday October 20, 2017",3516,H 8 4 4 4 9 6 ,mahajana-sampatha
"Thursday October 19, 2017",3515,B 5 0 8 0 5 6 ,mahajana-sampatha
"Tuesday October 17, 2017",3514,U 9 0 2 5 3 0 ,mahajana-sampatha
"Monday October 16, 2017",3513,J 6 0 3 6 1 6 ,mahajana-sampatha
"Sunday October 15, 2017",3512,O 4 0 0 8 7 7 ,mahajana-sampatha
"Friday October 13, 2017",3511,P 7 7 1 1 9 4 ,mahajana-sampatha
"Thursday October 12, 2017",3510,L 3 0 3 3 3 1 ,mahajana-sampatha
"Tuesday October 10, 2017",3509,L 4 0 5 2 6 7 ,mahajana-sampatha
"Monday October 09, 2017",3508,D 7 9 1 6 2 0 ,mahajana-sampatha
"Sunday October 08, 2017",3507,K 3 5 9 3 0 2 ,mahajana-sampatha
"Friday October 06, 2017",3506,E 4 5 1 9 1 3 ,mahajana-sampatha
"Thursday October 05, 2017",3505,Z 7 3 4 3 0 2 ,mahajana-sampatha
"Tuesday October 03, 2017",3504,J 2 4 8 8 6 4 ,mahajana-sampatha
"Monday October 02, 2017",3503,L 1 4 7 5 2 0 ,mahajana-sampatha
"Sunday October 01, 2017",3502,M 2 1 7 9 5 9 ,mahajana-sampatha
"Friday September 29, 2017",3501,K 1 0 6 4 1 7 ,mahajana-sampatha
"Thursday September 28, 2017",3500,F 3 3 0 1 8 5 ,mahajana-sampatha
"Tuesday September 26, 2017",3499,N 6 6 9 3 3 6 ,mahajana-sampatha
"Monday September 25, 2017",3498,K 4 9 4 2 5 8 ,mahajana-sampatha
"Sunday September 24, 2017",3497,X 7 2 7 4 4 2 ,mahajana-sampatha
"Friday September 22, 2017",3496,Y 8 8 0 9 0 7 ,mahajana-sampatha
"Thursday September 21, 2017",3495,Y 2 7 3 2 2 7 ,mahajana-sampatha
"Tuesday September 19, 2017",3494,R 8 9 2 4 7 8 ,mahajana-sampatha
"Monday September 18, 2017",3493,M 9 7 6 6 7 0 ,mahajana-sampatha
"Sunday September 17, 2017",3492,E 8 5 7 1 1 5 ,mahajana-sampatha
"Friday September 15, 2017",3491,E 1 7 2 6 5 0 ,mahajana-sampatha
"Thursday September 14, 2017",3490,E 9 4 7 0 7 4 ,mahajana-sampatha
"Tuesday September 12, 2017",3489,E 6 9 2 5 9 8 ,mahajana-sampatha
"Monday September 11, 2017",3488,A 9 2 3 6 5 4 ,mahajana-sampatha
"Sunday September 10, 2017",3487,F 1 9 2 4 6 9 ,mahajana-sampatha
"Friday September 08, 2017",3486,S 3 6 2 7 3 2 ,mahajana-sampatha
"Thursday September 07, 2017",3485,L 7 0 5 4 7 4 ,mahajana-sampatha
"Tuesday September 05, 2017",3484,L 7 3 9 4 5 5 ,mahajana-sampatha
"Monday September 04, 2017",3483,R 5 2 4 3 3 6 ,mahajana-sampatha
"Sunday September 03, 2017",3482,G 5 1 7 1 3 0 ,mahajana-sampatha
"Friday September 01, 2017",3481,Z 4 8 9 5 7 2 ,mahajana-sampatha
"Thursday August 31, 2017",3480,C 1 7 6 6 6 6 ,mahajana-sampatha
"Tuesday August 29, 2017",3479,Q 4 7 7 3 7 7 ,mahajana-sampatha
"Monday August 28, 2017",3478,Y 0 9 2 4 8 4 ,mahajana-sampatha
"Sunday August 27, 2017",3477,X 4 8 8 5 9 8 ,mahajana-sampatha
"Friday August 25, 2017",3476,J 4 5 4 5 4 4 ,mahajana-sampatha
"Thursday August 24, 2017",3475,G 6 6 4 4 8 2 ,mahajana-sampatha
"Tuesday August 22, 2017",3474,R 1 3 5 8 3 2 ,mahajana-sampatha
"Monday August 21, 2017",3473,H 1 2 7 4 8 4 ,mahajana-sampatha
"Sunday August 20, 2017",3472,N 0 1 8 0 6 7 ,mahajana-sampatha
"Friday August 18, 2017",3471,W 9 5 8 2 4 6 ,mahajana-sampatha
"Thursday August 17, 2017",3470,L 8 4 6 3 2 0 ,mahajana-sampatha
"Tuesday August 15, 2017",3469,R 4 6 3 0 1 6 ,mahajana-sampatha
"Monday August 14, 2017",3468,Z 1 9 8 7 2 7 ,mahajana-sampatha
"Sunday August 13, 2017",3467,U 7 7 8 1 8 3 ,mahajana-sampatha
"Friday August 11, 2017",3466,X 9 9 2 7 0 9 ,mahajana-sampatha
"Thursday August 10, 2017",3465,Z 0 0 3 6 5 8 ,mahajana-sampatha
"Tuesday August 08, 2017",3464,G 6 1 0 8 1 6 ,mahajana-sampatha
"Monday August 07, 2017",3463,A 6 0 9 2 2 2 ,mahajana-sampatha
"Sunday August 06, 2017",3462,M 3 6 6 8 6 6 ,mahajana-sampatha
"Friday August 04, 2017",3461,M 6 1 7 7 1 1 ,mahajana-sampatha
"Thursday August 03, 2017",3460,X 4 3 5 8 3 4 ,mahajana-sampatha
"Tuesday August 01, 2017",3459,A 1 8 8 2 9 8 ,mahajana-sampatha
"Monday July 31, 2017",3458,P 4 3 3 2 8 6 ,mahajana-sampatha
"Sunday July 30, 2017",3457,M 5 3 4 5 6 0 ,mahajana-sampatha
"Friday July 28, 2017",3456,H 4 7 8 6 3 5 ,mahajana-sampatha
"Thursday July 27, 2017",3455,H 4 6 1 2 9 2 ,mahajana-sampatha
"Tuesday July 25, 2017",3454,P 6 7 4 9 4 2 ,mahajana-sampatha
"Monday July 24, 2017",3453,C 2 7 4 8 1 2 ,mahajana-sampatha
"Sunday July 23, 2017",3452,M 0 7 6 4 1 6 ,mahajana-sampatha
"Friday July 21, 2017",3451,E 4 9 0 6 5 9 ,mahajana-sampatha
"Thursday July 20, 2017",3450,N 7 1 4 8 0 5 ,mahajana-sampatha
"Tuesday July 18, 2017",3449,B 8 6 6 6 9 1 ,mahajana-sampatha
"Monday July 17, 2017",3448,Q 3 9 1 5 3 1 ,mahajana-sampatha
"Sunday July 16, 2017",3447,L 5 3 2 1 7 1 ,mahajana-sampatha
"Friday July 14, 2017",3446,U 0 8 4 8 5 4 ,mahajana-sampatha
"Thursday July 13, 2017",3445,Y 9 5 0 0 9 0 ,mahajana-sampatha
"Tuesday July 11, 2017",3444,J 7 6 8 5 5 4 ,mahajana-sampatha
"Monday July 10, 2017",3443,L 1 3 3 0 2 7 ,mahajana-sampatha
"Sunday July 09, 2017",3442,K 3 5 0 6 6 5 ,mahajana-sampatha
"Friday July 07, 2017",3441,Z 1 9 0 9 0 5 ,mahajana-sampatha
"Thursday July 06, 2017",3440,K 7 3 1 1 1 5 ,mahajana-sampatha
"Tuesday July 04, 2017",3439,V 9 5 9 7 3 6 ,mahajana-sampatha
"Monday July 03, 2017",3438,F 1 4 8 2 3 6 ,mahajana-sampatha
"Sunday July 02, 2017",3437,B 1 5 4 3 7 1 ,mahajana-sampatha
"Friday June 30, 2017",3436,Y 5 4 3 4 9 8 ,mahajana-sampatha
"Thursday June 29, 2017",3435,X 0 1 5 1 8 8 ,mahajana-sampatha
"Tuesday June 27, 2017",3434,L 6 1 3 1 7 6 ,mahajana-sampatha
"Monday June 26, 2017",3433,N 3 9 7 9 1 9 ,mahajana-sampatha
"Sunday June 25, 2017",3432,T 4 9 2 1 7 8 ,mahajana-sampatha
"Friday June 23, 2017",3431,S 2 0 4 9 9 1 ,mahajana-sampatha
"Thursday June 22, 2017",3430,J 5 4 0 2 3 5 ,mahajana-sampatha
"Tuesday June 20, 2017",3429,G 9 9 9 8 6 9 ,mahajana-sampatha
"Monday June 19, 2017",3428,U 8 2 6 3 6 6 ,mahajana-sampatha
"Sunday June 18, 2017",3427,F 4 8 7 6 7 7 ,mahajana-sampatha
"Friday June 16, 2017",3426,C 8 9 2 4 8 5 ,mahajana-sampatha
"Thursday June 15, 2017",3425,K 4 0 9 8 7 2 ,mahajana-sampatha
"Tuesday June 13, 2017",3424,C 4 2 0 1 3 2 ,mahajana-sampatha
"Monday June 12, 2017",3423,C 2 4 5 0 6 9 ,mahajana-sampatha
"Sunday June 11, 2017",3422,G 8 2 5 8 8 3 ,mahajana-sampatha
"Friday June 09, 2017",3421,M 4 1 7 3 8 6 ,mahajana-sampatha
"Thursday June 08, 2017",3420,A 4 7 4 8 2 6 ,mahajana-sampatha
"Tuesday June 06, 2017",3419,L 7 2 5 8 8 2 ,mahajana-sampatha
"Monday June 05, 2017",3418,T 1 8 8 6 3 9 ,mahajana-sampatha
"Sunday June 04, 2017",3417,N 9 1 9 1 2 3 ,mahajana-sampatha
"Friday June 02, 2017",3416,U 9 4 7 2 4 4 ,mahajana-sampatha
"Thursday June 01, 2017",3415,L 0 9 5 9 6 3 ,mahajana-sampatha
"Tuesday June 12, 2018",406,VIRGO 07 10 42 57 03 ,neeroga
"Sunday June 10, 2018",405,AQUARIUS 01 30 56 67 42 ,neeroga
"Thursday June 07, 2018",404,ARIES 12 19 25 65 53 ,neeroga
"Tuesday June 05, 2018",403,SCORPIO 11 24 37 53 19 ,neeroga
"Sunday June 03, 2018",402,AQUARIUS 19 37 44 56 20 ,neeroga
"Thursday May 31, 2018",401,SCORPIO 08 10 37 65 32 ,neeroga
"Tuesday May 29, 2018",400,LEO 06 16 59 67 52 ,neeroga
"Sunday May 27, 2018",399,SCORPIO 07 09 33 46 66 ,neeroga
"Thursday May 24, 2018",398,VIRGO 18 38 46 53 64 ,neeroga
"Tuesday May 22, 2018",397,VIRGO 29 46 51 64 20 ,neeroga
"Sunday May 20, 2018",396,SAGITTARIUS 26 32 35 48 36 ,neeroga
"Thursday May 17, 2018",395,PISCES 15 26 49 56 64 ,neeroga
"Tuesday May 15, 2018",394,GEMINI 01 14 58 68 55 ,neeroga
"Sunday May 13, 2018",393,CAPRICORN 04 56 60 63 41 ,neeroga
"Thursday May 10, 2018",392,CAPRICORN 1 49 57 63 52 ,neeroga
"Tuesday May 08, 2018",391,LIBRA 09 19 48 66 29 ,neeroga
"Sunday May 06, 2018",390,AQUARIUS 13 37 45 67 03 ,neeroga
"Thursday May 03, 2018",389,ARIES 5 29 51 68 66 ,neeroga
"Tuesday May 01, 2018",388,CANCER 39 46 52 57 34 ,neeroga
"Thursday April 26, 2018",387,LIBRA 02 28 30 61 37 ,neeroga
"Tuesday April 24, 2018",386,ARIES 08 09 52 67 04 ,neeroga
"Sunday April 22, 2018",385,PISCES 19 24 33 64 45 ,neeroga
"Thursday April 19, 2018",384,TAURUS 17 43 45 56 36 ,neeroga
"Thursday April 12, 2018",383,CAPRICORN 8 28 44 49 25 ,neeroga
"Tuesday April 10, 2018",382,TAURUS 20 42 44 52 65 ,neeroga
"Sunday April 08, 2018",381,PISCES 15 20 59 61 39 ,neeroga
"Thursday April 05, 2018",380,CANCER 14 47 54 55 38 ,neeroga
"Tuesday April 03, 2018",379,SAGITTARIUS 04 12 37 50 55 ,neeroga
"Sunday April 01, 2018",378,CAPRICORN 09 17 57 67 44 ,neeroga
"Thursday March 29, 2018",377,PISCES 20 31 49 68 24 ,neeroga
"Tuesday March 27, 2018",376,LIBRA 10 16 17 68 33 ,neeroga
"Sunday March 25, 2018",375,SAGITTARIUS 02 10 18 65 50 ,neeroga
"Thursday March 22, 2018",374,SAGITTARIUS 15 45 46 49 47 ,neeroga
"Tuesday March 20, 2018",373,SCORPIO 6 14 54 63 59 ,neeroga
"Sunday March 18, 2018",372,PISCES 04 15 24 35 39 ,neeroga
"Thursday March 15, 2018",371,ARIES 20 30 47 49 51 ,neeroga
"Tuesday March 13, 2018",370,GEMINI 34 38 43 60 05 ,neeroga
"Sunday March 11, 2018",369,GEMINI 01 17 37 66 53 ,neeroga
"Thursday March 08, 2018",368,LEO 5 18 32 64 6 ,neeroga
"Tuesday March 06, 2018",367,LEO 25 31 34 47 15 ,neeroga
"Sunday March 04, 2018",366,VIRGO 18 33 48 50 51 ,neeroga
"Thursday March 01, 2018",365,CANCER 01 11 21 57 67 ,neeroga
"Tuesday February 27, 2018",364,SCORPIO 06 54 66 68 14 ,neeroga
"Sunday February 25, 2018",363,CANCER 17 28 65 67 50 ,neeroga
"Thursday February 22, 2018",362,LEO 11 19 45 49 36 ,neeroga
"Tuesday February 20, 2018",361,VIRGO 2 7 15 19 42 ,neeroga
"Sunday February 18, 2018",360,LIBRA 04 10 30 53 03 ,neeroga
"Thursday February 15, 2018",359,SAGITTARIUS 08 17 45 60 31 ,neeroga
"Tuesday February 13, 2018",358,VIRGO 01 14 15 39 05 ,neeroga
"Sunday February 11, 2018",357,PISCES 02 29 33 38 46 ,neeroga
"Thursday February 08, 2018",356,SCORPIO 17 23 48 58 66 ,neeroga
"Tuesday February 06, 2018",355,LIBRA 12 25 35 46 33 ,neeroga
"Sunday February 04, 2018",354,AQUARIUS 11 45 50 60 41 ,neeroga
"Thursday February 01, 2018",353,LIBRA 03 36 46 62 57 ,neeroga
"Tuesday January 30, 2018",352,TAURUS 17 39 59 67 8 ,neeroga
"Sunday January 28, 2018",351,CAPRICORN 03 19 61 64 31 ,neeroga
"Thursday January 25, 2018",350,TAURUS 12 24 64 68 06 ,neeroga
"Tuesday January 23, 2018",349,SAGITTARIUS 12 22 26 36 ,neeroga
"Sunday January 21, 2018",348,PISCES 05 27 30 47 ,neeroga
"Thursday January 18, 2018",347,TAURUS 12 15 34 59 ,neeroga
"Tuesday January 16, 2018",346,SCORPIO 01 36 48 55 ,neeroga
"Sunday January 14, 2018",345,LIBRA 05 15 36 48 ,neeroga
"Thursday January 11, 2018",344,LEO 05 22 37 46 ,neeroga
"Tuesday January 09, 2018",343,SAGITTARIUS 09 20 43 59 ,neeroga
"Sunday January 07, 2018",342,PISCES 04 08 11 29 ,neeroga
"Thursday January 04, 2018",341,GEMINI 03 07 37 41 ,neeroga
"Tuesday January 02, 2018",340,LIBRA 08 22 39 58 ,neeroga
"Sunday December 31, 2017",339,SCORPIO 13 39 40 50 ,neeroga
"Friday December 29, 2017",338,SCORPIO 10 29 58 59 ,neeroga
"Tuesday December 26, 2017",337,SCORPIO 01 16 32 55 ,neeroga
"Sunday December 24, 2017",336,LEO 7 15 38 58 ,neeroga
"Friday December 22, 2017",335,VIRGO 8 12 16 48 ,neeroga
"Tuesday December 19, 2017",334,ARIES 19 24 26 33 ,neeroga
"Sunday December 17, 2017",333,AQUARIUS 27 28 29 54 ,neeroga
"Friday December 15, 2017",332,PISCES 10 13 17 40 ,neeroga
"Tuesday December 12, 2017",331,CANCER 19 24 37 57 ,neeroga
"Sunday December 10, 2017",330,LEO 02 11 35 55 ,neeroga
"Friday December 08, 2017",329,ARIES 10 16 22 25 ,neeroga
"Tuesday December 05, 2017",328,LIBRA 19 29 35 56 ,neeroga
"Sunday December 03, 2017",327,GEMINI 30 35 36 41 ,neeroga
"Friday December 01, 2017",326,CAPRICORN 4 19 56 61 ,neeroga
"Tuesday November 28, 2017",325,AQUARIUS 03 35 58 62 ,neeroga
"Sunday November 26, 2017",324,LEO 02 08 18 62 ,neeroga
"Friday November 24, 2017",323,ARIES 17 30 50 56 ,neeroga
"Tuesday November 21, 2017",322,SAGITTARIUS 07 08 40 60 ,neeroga
"Sunday November 19, 2017",321,SCORPIO 08 11 32 36 ,neeroga
"Friday November 17, 2017",320,AQUARIUS 2 3 40 54 ,neeroga
"Tuesday November 14, 2017",319,GEMINI 14 25 53 61 ,neeroga
"Sunday November 12, 2017",318,VIRGO 12 20 23 41 ,neeroga
"Friday November 10, 2017",317,TAURUS 15 35 45 51 ,neeroga
"Tuesday November 07, 2017",316,CAPRICORN 36 47 51 57 ,neeroga
"Sunday November 05, 2017",315,CAPRICORN 23 45 55 59 ,neeroga
"Friday November 03, 2017",314,CANCER 9 16 49 53 ,neeroga
"Tuesday October 31, 2017",313,VIRGO 06 07 43 61 ,neeroga
"Sunday October 29, 2017",312,AQUARIUS 11 14 39 49 ,neeroga
"Friday October 27, 2017",311,VIRGO 18 20 43 62 ,neeroga
"Tuesday October 24, 2017",310,LEO 06 32 37 52 ,neeroga
"Sunday October 22, 2017",309,VIRGO 4 27 43 54 ,neeroga
"Friday October 20, 2017",308,SAGITTARIUS 19 24 59 63 ,neeroga
"Tuesday October 17, 2017",307,SCORPIO 02 16 24 28 ,neeroga
"Sunday October 15, 2017",306,VIRGO 02 05 27 63 ,neeroga
"Friday October 13, 2017",305,GEMINI 2 22 30 46 ,neeroga
"Tuesday October 10, 2017",304,LEO 08 42 46 50 ,neeroga
"Sunday October 08, 2017",303,GEMINI 12 18 34 49 ,neeroga
"Friday October 06, 2017",302,SAGITTARIUS 45 54 57 59 ,neeroga
"Tuesday October 03, 2017",301,CAPRICORN 15 35 36 54 ,neeroga
"Sunday October 01, 2017",300,TAURUS 06 10 20 35 ,neeroga
"Friday September 29, 2017",299,SCORPIO 8 17 20 37 ,neeroga
"Tuesday September 26, 2017",298,SAGITTARIUS 02 07 32 61 ,neeroga
"Sunday September 24, 2017",297,PISCES 9 10 13 30 ,neeroga
"Friday September 22, 2017",296,TAURUS 06 49 57 61 ,neeroga
"Tuesday September 19, 2017",295,LIBRA 07 11 38 41 ,neeroga
"Sunday September 17, 2017",294,SAGITTARIUS 11 19 20 34 ,neeroga
"Friday September 15, 2017",293,PISCES 6 19 54 63 ,neeroga
"Tuesday September 12, 2017",292,PISCES 22 37 39 62 ,neeroga
"Sunday September 10, 2017",291,CAPRICORN 03 15 39 48 ,neeroga
"Friday September 08, 2017",290,LIBRA 10 50 59 60 ,neeroga
"Tuesday September 05, 2017",289,LEO 16 20 31 50 ,neeroga
"Sunday September 03, 2017",288,GEMINI 07 32 44 55 ,neeroga
"Friday September 01, 2017",287,LEO 12 26 48 56 ,neeroga
"Tuesday August 29, 2017",286,VIRGO 22 43 46 60 10 76 ,neeroga
"Sunday August 27, 2017",285,CANCER 09 29 40 55 60 66 ,neeroga
"Friday August 25, 2017",284,CAPRICORN 22 50 61 62 72 80 ,neeroga
"Tuesday August 22, 2017",283,LEO 09 33 49 52 01 28 ,neeroga
"Sunday August 20, 2017",282,LEO 05 14 57 62 57 72 ,neeroga
"Friday August 18, 2017",281,CAPRICORN 5 37 40 59 48 50 ,neeroga
"Tuesday August 15, 2017",280,CANCER 24 25 35 37 06 25 ,neeroga
"Sunday August 13, 2017",279,CANCER 14 23 48 60 52 65 ,neeroga
"Friday August 11, 2017",278,CANCER 3 6 10 12 51 61 ,neeroga
"Tuesday August 08, 2017",277,SAGITTARIUS 13 19 27 48 3 70 ,neeroga
"Sunday August 06, 2017",276,ARIES 4 13 16 40 60 75 ,neeroga
"Friday August 04, 2017",275,GEMINI 4 14 26 34 12 16 ,neeroga
"Tuesday August 01, 2017",274,GEMINI 02 10 23 34 15 32 ,neeroga
"Sunday July 30, 2017",273,LIBRA 19 20 26 49 14 62 ,neeroga
"Friday July 28, 2017",272,LIBRA 9 28 36 52 24 44 ,neeroga
"Tuesday July 25, 2017",271,GEMINI 12 15 22 56 11 55 ,neeroga
"Sunday July 23, 2017",270,SAGITTARIUS 31 33 41 44 10 79 ,neeroga
"Friday July 21, 2017",269,LIBRA 2 36 37 56 16 75 ,neeroga
"Tuesday July 18, 2017",268,SAGITTARIUS 01 07 13 14 67 80 ,neeroga
"Sunday July 16, 2017",267,LEO 11 27 40 49 31 67 ,neeroga
"Friday July 14, 2017",266,AQUARIUS 41 44 46 63 56 75 ,neeroga
"Tuesday July 11, 2017",265,AQUARIUS 05 06 37 52 46 69 ,neeroga
"Sunday July 09, 2017",264,CAPRICORN 11 38 50 54 46 55 ,neeroga
"Friday July 07, 2017",263,SCORPIO 2 6 36 50 31 70 ,neeroga
"Tuesday July 04, 2017",262,ARIES 03 12 19 33 12 39 ,neeroga
"Sunday July 02, 2017",261,GEMINI 19 23 33 59 12 27 ,neeroga
"Friday June 30, 2017",260,TAURUS 15 18 36 57 35 70 ,neeroga
"Tuesday June 27, 2017",259,SCORPIO 07 21 27 37 01 18 ,neeroga
"Sunday June 25, 2017",258,AQUARIUS 18 23 29 60 48 66 ,neeroga
"Friday June 23, 2017",257,VIRGO 31 33 37 62 48 05 ,neeroga
"Tuesday June 20, 2017",256,GEMINI 16 23 44 62 35 44 ,neeroga
"Sunday June 18, 2017",255,SAGITTARIUS 12 23 26 51 47 65 ,neeroga
"Friday June 16, 2017",254,AQUARIUS 15 21 23 37 09 71 ,neeroga
"Tuesday June 13, 2017",253,SAGITTARIUS 05 28 45 53 66 73 ,neeroga
"Sunday June 11, 2017",252,LIBRA 02 49 55 59 43 75 ,neeroga
"Friday June 09, 2017",251,SAGITTARIUS 10 13 40 47 48 64 ,neeroga
"Tuesday June 06, 2017",250,SCORPIO 01 21 30 56 30 71 ,neeroga
"Sunday June 04, 2017",249,TAURUS 10 12 40 68 49 ,neeroga
"Friday June 02, 2017",248,ARIES 3 35 38 71 6 ,neeroga
